Country Name,1960,1961,1962,1963,1964,1965,1966,1967,1968,1969,1970,1971,1972,1973,1974,1975,1976,1977,1978,1979,1980,1981,1982,1983,1984,1985,1986,1987,1988,1989,1990,1991,1992,1993,1994,1995,1996,1997,1998,1999,2000,2001,2002,2003,2004,2005,2006,2007,2008,2009,2010,2011,2012,2013,2014,2015,2016,2017,2018,2019,2020,2021,2022,2023
Aruba,,,,,,,,,,,,,,,,,,,,,,,,,,,,,,,,,,,,,,,,,,,,,,,,,,,,,,,,,,,,,,,,
Africa Eastern and Southern,,,,,,,,,,,,,,,,,,,,,,,,,,,,,,,316767.2098,317180.6587,322963.5421,326031.1577,334937.5383,342969.9777,347444.2629,355357.4908,373127.931,376218.6568,375632.8677,377769.373,398651.8548,411121.2635,419876.243,436996.973,436259.0159,463081.6647,480703.3813,481251.2037,497654.7155,502230.7136,487468.705,489075.7884,492826.7068,501370.3302,506100.4756,507551.0086,510884.914,522988.0269,535800.1473,,,
Afghanistan,,,,,,,,,,,,,,,,,,,,,,,,,,,,,,,6735.57274,7018.87361,7124.43448,7209.86285,7462.89122,7825.029591,8671.811366,9396.953142,9959.927417,10782.37169,9560.365968,8347.272951,10195.37243,10506.94192,10500.3189,10731.72838,11176.055,11610.47661,12904.92073,13385.46484,15196.10646,15500.4959,15631.98785,15823.11729,16300.02674,15943.92618,15813.33064,15597.86259,15919.02455,15679.104,16222.03596,,,
Africa Western and Central,,,,,,,,,,,,,,,,,,,,,,,,,,,,,,,244358.2367,264354.831,274645.4203,279878.2645,286162.8265,284331.5308,294003.3998,293990.7439,289327.603,280695.9521,287415.0536,287327.7596,280831.8129,302782.6889,310344.3498,322300.7632,320650.3698,316876.1156,316698.6564,313617.6647,331939.6805,338229.4376,340353.7297,343452.4945,350852.2768,356800.0516,366791.2597,373075.8104,383100.9811,392786.2068,396651.3749,,,
Angola,,,,,,,,,,,,,,,,,,,,,,,,,,,,,,,21316.78281,21593.96632,22165.15234,22754.71835,23720.63686,25458.37788,25690.9888,26088.56973,28337.72315,27517.93908,27459.2825,27461.15,29195.3,31225.92,32190.235,33940.2375,33496.67019,36458.98038,37601.57807,36731.97826,38100.52595,37827.83037,36964.16479,37028.61921,36190.28613,38455.63556,38558.28907,37896.82008,34015.56609,35023.4996,32703.23811,,,
Albania,,,,,,,,,,,,,,,,,,,,,,,,,,,,,,,3544.179018,3496.030063,3408.133609,3487.524654,4078.360699,4079.841745,3908.034151,3702.706557,3564.438963,3614.401369,3665.113775,3607.007937,3561.112099,3572.183761,3499.262922,3485.974584,3436.85691,3304.341736,3133.841562,3023.683888,3029.718714,3019.352135,3060.733056,3060.841477,3086.507398,3105.39582,3092.440833,3047.750846,3008.433359,2848.125872,2692.195886,,,
Andorra,,,,,,,,,,,,,,,,,,,,,,,,,,,,,,,22.591023,23.636224,24.681425,25.726626,26.771827,27.817028,28.811622,29.806217,30.800811,31.795405,32.79,34.605504,36.421009,38.236513,40.052018,41.867522,43.697283,45.527044,47.356805,49.186566,51.016327,51.148002,51.279676,51.411351,51.543025,51.6747,52.059952,52.445203,52.830455,53.215707,53.600959,,,
Arab World,,,,,,,,,,,,,,,,,,,,,,,,,,,,,,,400520.2406,401118.9993,415914.0515,441854.6591,463449.5814,477472.1116,488128.9675,504045.5401,519382.2789,526284.0476,548484.6152,540976.8793,541270.5305,564272.339,577327.8592,596684.3271,605790.4047,608413.3008,620362.1553,606708.0097,621596.7051,605712.1866,652341.8252,636022.0263,627157.0923,634690.8434,654705.6582,670315.5955,685632.6403,694250.4501,649060.9874,,,
United Arab Emirates,,,,,,,,,,,,,,,,,,,,,,,,,,,,,,,21809.86706,23846.96342,23636.08228,23875.58864,25385.645,25933.44167,26898.29583,27222.625,27282.55917,26252.98833,27691.025,29052.7325,28736.74,32243.9675,34134.4775,36907.36,39067.90423,39507.22097,40975.7477,39666.94193,41466.75367,44911.71408,47042.9045,49435.20242,50171.81284,53345.24076,55510.72518,54622.7721,55329.91152,58152.42344,56944.70537,,,
Argentina,,,,,,,,,,,,,,,,,,,,,,,,,,,,,,,111946.93,111150.8875,113484.28,112657.41,113949.8825,115661.43,114921.205,115552.54,114526.1175,118192.48,119811.105,120443.1962,123719.9224,131292.9261,132880.0748,131957.976,134304.3686,134281.0012,133752.4012,127281.1338,119294.5639,118321.2923,121744.7231,123305.8615,124480.9874,124872.4333,126454.1365,130277.6547,130947.533,132855.1587,131035.6894,,,
Armenia,,,,,,,,,,,,,,,,,,,,,,,,,,,,,,,3651.259623,3446.608916,3160.305837,2899.231248,2730.94416,2566.212071,2411.595657,2260.054243,2058.650329,1913.886414,1800.4125,1847.5025,1900.5775,1954.2275,2012.4875,2045.47,2094.6225,2168.8325,2210.235,2174.7425,2203.9725,2214.40104,2271.224581,2361.520621,2413.531662,2466.930202,2487.234485,2433.451268,2347.375551,2323.339834,2319.921617,,,
American Samoa,,,,,,,,,,,,,,,,,,,,,,,,,,,,,,,,,,,,,,,,,,,,,,,,,,,,,,,,,,,,,,,,
Antigua and Barbuda,,,,,,,,,,,,,,,,,,,,,,,,,,,,,,,125.550614,131.354828,136.446543,141.895757,147.434971,152.641686,156.675194,161.596202,166.39721,171.655718,176.444227,179.884349,182.969471,186.017094,189.257216,191.877339,194.171686,196.028534,198.107882,200.08973,186.231578,188.395993,190.435409,192.427325,194.50924,196.563656,198.516589,200.589522,202.304955,203.200389,204.865822,,,
Australia,,,,,,,,,,,,,,,,,,,,,,,,,,,,,,,143963.4518,144369.5952,142589.2461,141173.3985,142055.5843,141174.8666,135242.431,136333.0255,140251.3865,155000.7971,165945.0627,176871.5074,170481.6823,130893.3894,151512.9589,133024.2817,151664.4966,149356.4064,133197.6192,137197.9021,129412.3143,177596.5253,176798.0167,140883.7869,154126.1748,151225.3204,134687.3658,157518.4258,156428.4008,144211.7857,131484.7632,,,
Austria,,,,,,,,,,,,,,,,,,,,,,,,,,,,,,,11849.61016,11850.46675,11647.62936,11326.82428,10931.30899,10444.8298,10268.89084,9946.179413,9667.965914,9540.496827,9281.673609,9168.185707,9050.624835,8898.768431,8814.063124,8623.939461,8486.546794,8332.243329,8249.81944,8072.84508,8107.730705,7922.195199,7770.628685,7633.338547,7441.51378,7391.89149,7313.564413,7270.289799,7081.285186,6963.743072,6863.078458,,,
Azerbaijan,,,,,,,,,,,,,,,,,,,,,,,,,,,,,,,19093.13578,18075.1885,16142.575,11378.03,6653.865,6773.482977,6653.261922,6798.550868,7274.412314,7863.258759,8003.910205,8500.023334,8630.138964,8832.022093,8996.237723,10256.42585,12035.83568,14033.1655,15466.12032,16227.81015,16320.30747,15694.25806,15793.74864,16100.89423,15912.72982,15854.2904,15762.92403,15381.09765,15705.63377,16038.22239,15733.13101,,,
Burundi,,,,,,,,,,,,,,,,,,,,,,,,,,,,,,,599.927605,609.520329,614.433053,595.510777,538.971,552.011224,545.422483,566.041241,504.655,507.094286,518.971071,535.217857,520.219643,539.458929,573.018214,604.2925,657.641585,695.07817,750.724755,826.398841,926.155426,1008.178617,1009.981808,1207.307499,1168.25069,1161.346382,1324.809409,1608.234937,1607.025465,1364.913493,1258.19152,,,
Belgium,,,,,,,,,,,,,,,,,,,,,,,,,,,,,,,13259.17184,13353.09998,13160.77149,12965.86828,13010.78712,13131.89156,13010.52741,12816.83813,12553.51235,12609.66914,12136.78323,11627.30584,11079.20172,10399.40021,10258.02183,9987.294477,9833.792258,9645.848857,9452.72019,9364.715647,9238.658108,8991.431876,8831.77803,8609.355986,8540.058697,8528.701682,8446.14364,8164.824385,8182.82513,8081.030875,7974.086619,,,
Benin,,,,,,,,,,,,,,,,,,,,,,,,,,,,,,,2162.093028,2254.431923,2296.368317,2310.227211,2468.558606,2292.05,2721.91,2803.65,2937.3225,2842.2825,3077.46,2663.905391,2923.718282,2844.966173,2808.599064,3176.851955,3070.885346,3162.918737,3065.977127,3153.880518,3116.818909,3235.699167,3296.946926,3510.637184,3463.059943,3531.217701,3687.508543,3713.244385,3821.127728,3965.78607,4029.619412,,,
Burkina Faso,,,,,,,,,,,,,,,,,,,,,,,,,,,,,,,6143.182661,6343.903871,6519.73008,6651.14379,6829.7925,7054.73621,7350.560679,7643.760148,7704.079618,7855.326587,8419.093556,8093.779156,8400.382256,10412.81036,10713.44596,11009.05156,10911.8739,11165.82125,11538.0211,11944.91844,12514.07079,12751.29497,12795.78415,13165.30083,13442.55502,13619.6317,14301.57899,14502.05378,14640.46857,15021.63586,15408.27314,,,
Bangladesh,,,,,,,,,,,,,,,,,,,,,,,,,,,,,,,65600.76852,65690.38816,66436.2678,66661.10244,67584.01958,68372.5297,68007.35053,68570.42135,68225.50968,70245.25551,70956.84134,71171.035,72573.15,73584.8075,73450.79,75267.825,76506.78864,77349.77978,80079.68592,81259.09957,82725.43571,83394.6973,83964.3664,84714.54549,85364.39209,86144.75118,85922.57038,88027.12708,87879.10377,88389.53797,88903.99717,,,
Bulgaria,,,,,,,,,,,,,,,,,,,,,,,,,,,,,,,16367.627,15347.23866,14807.73592,13513.75854,11719.03469,12005.06226,12064.42144,11565.02397,11064.78727,10653.71619,10576.78129,9974.247935,9441.205217,9841.95877,9328.292083,8905.041245,8516.536911,8593.048026,8316.769412,7966.41819,7812.117078,8067.344801,7782.703638,7520.856162,7503.743761,7412.594185,7120.667898,7085.362579,6983.30226,6857.289441,6980.496622,,,
Bahrain,,,,,,,,,,,,,,,,,,,,,,,,,,,,,,,5048.410585,5054.726689,5298.250293,5472.806396,5594.8925,6099.51054,6632.874635,7277.43873,7863.662825,8394.24942,8956.063515,9256.019508,9588.2405,9908.493993,10151.42749,10634.75598,11227.24476,11826.98104,12458.69732,12965.3411,13578.00988,14013.25534,14217.39831,15131.84877,15569.79173,15890.96719,16348.27006,16701.04293,16975.72579,17483.53116,17641.43403,,,
"Bahamas, The",,,,,,,,,,,,,,,,,,,,,,,,,,,,,,,144.817313,146.840584,149.346356,151.512127,153.687899,156.94617,159.099292,160.957414,165.445536,168.371158,167.09678,168.396097,172.212914,171.344731,186.504047,181.568364,182.818184,186.685503,195.925323,192.587642,192.277462,204.449805,199.352149,208.354492,204.434336,209.089179,212.091188,217.785696,213.537704,216.424712,223.17922,,,
Bosnia and Herzegovina,,,,,,,,,,,,,,,,,,,,,,,,,,,,,,,5167.428595,5095.055252,3343.045186,2531.783613,2496.216444,2279.727847,2524.281869,2956.101724,3235.445507,3382.171553,3530.023432,3505.472572,2888.208975,3123.36014,3314.411066,3413.773302,3606.834586,3787.973251,3882.990487,3994.513437,3797.328133,3882.064734,3799.630026,3797.8175,3546.010357,3597.319799,3580.446749,3523.448699,3697.933149,3657.090099,3660.954549,,,
Belarus,,,,,,,,,,,,,,,,,,,,,,,,,,,,,,,20534.53432,20114.0053,17996.847,17085.77033,16242.51096,15420.48339,15164.04579,14950.31842,14884.43389,14722.91923,14330.50629,14089.24107,13886.18376,13964.7766,14389.84126,14153.38035,14550.10415,14948.40187,15772.96078,15834.46177,16298.92727,15984.85273,16251.87489,16917.91167,16990.73179,17232.56776,16810.77264,17011.16583,17027.96903,17032.60472,17079.26291,,,
Belize,,,,,,,,,,,,,,,,,,,,,,,,,,,,,,,6108.344355,6222.642016,6362.717178,6470.254839,6594.1075,5501.842323,4435.568029,3375.518736,2316.434443,1257.882649,183.505856,208.687596,226.671836,252.656076,247.327817,260.787057,317.985897,373.641403,421.55441,470.912417,523.643822,527.304454,502.657586,520.228219,467.636351,461.136983,469.717552,484.180622,491.268691,506.17676,514.044829,,,
Bermuda,,,,,,,,,,,,,,,,,,,,,,,,,,,,,,,,,,,,,,,,,,,,,,,,,,,,,,,,,,,,,,,,
Bolivia,,,,,,,,,,,,,,,,,,,,,,,,,,,,,,,15435.0925,15964.3125,16360.14,15880.105,15578.8425,14944.495,15058.09,16009.285,16138.435,16698.9725,16900.3975,16850.33,18299.1775,18463.4675,19939.2575,20972.23734,21007.78812,21419.58891,21762.11469,21861.85048,23956.10376,23720.62281,24444.69185,25193.21089,25044.06993,25522.23148,26038.87177,25928.01456,25755.57734,26421.00763,26597.78542,,,
Brazil,,,,,,,,,,,,,,,,,,,,,,,,,,,,,,,284532.9125,293636.64,299018.4025,300156.715,306538.5025,312677.465,302588.9675,309693.3375,318104.9725,323664.2025,331764.46,344887.8,364584.8725,380946.59,397530.1725,405785.2925,403216.4175,404088.565,404028.595,407797.8875,427893.4175,427541.9469,429746.4462,427079.8581,433815.2275,440618.0569,442998.9861,441517.7053,435783.5045,443522.1588,449213.973,,,
Barbados,,,,,,,,,,,,,,,,,,,,,,,,,,,,,,,2072.516828,2110.666692,2149.279056,2183.42142,2221.716284,2230.871982,2241.693527,2248.055072,2258.380411,2267.21575,2275.846088,2273.504772,2271.320955,2269.612139,2268.045822,2265.952006,2268.589086,2272.736167,2280.173247,2288.062827,2294.819907,2300.141377,2306.417847,2312.621817,2318.263286,2323.977256,2330.983995,2339.070735,2345.922474,2353.026713,2359.570952,,,
Brunei Darussalam,,,,,,,,,,,,,,,,,,,,,,,,,,,,,,,1414.806884,1497.653671,1595.082958,1679.809745,1636.179032,1674.865819,1637.816344,1648.961869,1585.864895,1744.32042,1849.905946,1788.495525,1914.175105,2034.227184,2038.369263,1995.826342,2189.584176,2046.59201,2121.789843,1924.455177,1922.33051,1972.759071,1924.160132,1763.671194,1741.344755,1668.833316,1656.69293,1721.400043,1686.527157,1637.264271,1538.873884,,,
Bhutan,,,,,,,,,,,,,,,,,,,,,,,,,,,,,,,564.387159,570.17604,540.40242,538.928801,537.755181,585.446562,569.725249,566.356437,562.045125,585.033812,557.31,512.109053,511.253106,511.077158,514.598711,582.662764,567.702554,576.922345,507.247135,541.396925,542.111716,537.593968,531.20872,538.070972,505.430724,490.995476,495.116158,496.86434,476.377522,474.303204,451.523887,,,
Botswana,,,,,,,,,,,,,,,,,,,,,,,,,,,,,,,5533.478939,5203.437955,5004.41447,4821.270985,5074.465,5552.6575,6257.8475,5985.15,5525.645,5495.25,5314.5375,6272.998135,6263.34877,2902.961904,3153.190039,3701.670674,4666.15702,3716.105867,7877.577213,3632.538559,9053.977406,11140.46478,5189.367144,4618.607013,3132.544383,2891.961752,2468.040165,3844.721079,2793.709493,1887.447906,3434.49382,,,
Central African Republic,,,,,,,,,,,,,,,,,,,,,,,,,,,,,,,8576.118645,8776.528616,8801.541087,8821.828559,8895.56103,8973.411002,10057.84246,10162.50642,11127.50537,10025.53183,11461.48329,9645.203311,8592.765837,11064.61836,9834.498387,10361.17841,10452.52818,10689.15544,11237.14521,9086.687478,10128.07224,10836.4141,9465.810964,10088.45782,9878.119684,10047.98904,10876.17167,10032.4393,10304.31194,9538.027066,10108.5047,,,
Canada,,,,,,,,,,,,,,,,,,,,,,,,,,,,,,,68724.01167,70008.9684,72529.72961,74139.71518,75869.32954,78919.2907,80954.37193,82166.05731,84675.83671,84063.52729,84876.41692,86085.38503,87741.57485,88343.03285,90993.96605,91471.90318,93494.07806,92519.10765,88808.8907,85752.56296,86175.30233,87322.07291,87736.72586,90693.95833,93075.17433,93503.18789,95780.50859,100099.9216,103366.5221,103220.225,100143.3855,,,
Central Europe and the Baltics,,,,,,,,,,,,,,,,,,,,,,,,,,,,,,,154261.5437,146556.5015,138974.3656,130919.8464,123560.0919,120041.3451,119331.1263,117358.464,113279.7216,110121.064,106716.1961,104010.0527,102712.5061,103595.8634,101775.5767,101670.3542,101551.6381,100657.6443,99912.22759,97876.20475,98083.96882,94991.17562,93882.13381,92471.0019,91229.93492,90808.15801,89221.38987,89374.46298,89372.52861,88522.94174,88142.08485,,,
Switzerland,,,,,,,,,,,,,,,,,,,,,,,,,,,,,,,6438.125825,6346.143956,6273.71155,6242.844056,6196.148778,6140.650605,6138.202015,5931.032951,5867.316254,5738.638824,5680.136644,5731.175479,5691.832038,5598.718757,5521.290386,5554.864987,5559.279111,5514.73184,5591.203393,5522.457413,5528.269765,5424.431338,5395.277672,5345.168296,5277.873312,5224.814676,5206.999464,5162.609488,5128.934511,5041.752034,4975.239558,,,
Channel Islands,,,,,,,,,,,,,,,,,,,,,,,,,,,,,,,,,,,,,,,,,,,,,,,,,,,,,,,,,,,,,,,,
Chile,,,,,,,,,,,,,,,,,,,,,,,,,,,,,,,10067.82959,10219.21656,10504.26854,10846.55052,11240.5725,11478.79083,11747.17167,12143.79,12367.67333,12497.34917,12473.5525,12335.39417,12134.98583,11966.7975,11974.28667,11821.84083,11628.2525,11323.085,11763.2375,11900.7075,12395.85,12438.26881,12704.62263,11597.70644,10825.18526,10595.63907,10901.44588,11032.67018,11454.03699,11657.5438,11795.5356,,,
China,,,,,,,,,,,,,,,,,,,,,,,,,,,,,,,763743.9634,773392.9144,779114.113,788426.504,810837.6825,848271.6636,856491.9948,811435.9759,813369.6545,807817.9232,807417.2368,800529.1555,793448.8666,818239.3002,864479.5989,901769.085,940300.2025,969728.9275,987719.575,1017352.598,1065645.775,1112586.85,1113082.918,1136038.588,1149171.233,1147403.83,1107003.366,1116767.24,1147167.921,1163215.195,1186285.181,,,
Cote d'Ivoire,,,,,,,,,,,,,,,,,,,,,,,,,,,,,,,3956.222143,6503.022857,9091.216071,11480.83179,14083.2175,14441.24083,14708.17417,15054.115,15262.78333,15594.81167,15902.22,15402.94552,15150.24353,14120.72405,12896.52206,13114.74258,12427.9106,11517.73361,10498.25913,9496.119643,8703.230159,8161.303175,7507.56869,7852.256883,7371.587576,7266.493269,7975.878169,7794.963069,7734.040469,7780.217869,7980.365269,,,
Cameroon,,,,,,,,,,,,,,,,,,,,,,,,,,,,,,,14246.12853,18086.73452,17743.57551,16316.48901,14796.86,14383.79167,15090.75833,15702.99,16594.53917,16738.50333,17725.8325,16959.23149,16829.64548,17504.42697,16511.68846,17049.33494,16363.80362,15958.9273,15682.41598,15105.21466,14852.86833,14523.08322,14744.6956,15502.72048,16015.68786,17335.17774,17786.41228,16892.57183,17049.17887,17422.17091,17797.74545,,,
"Congo, Dem. Rep.",,,,,,,,,,,,,,,,,,,,,,,,,,,,,,,21776.6537,21893.63715,22207.0606,23268.35655,24442.7775,24626.6276,22668.76229,22833.84449,23257.06918,22402.56387,22345.92356,23612.15354,26294.76602,28191.68351,29202.62457,29230.89813,29798.40685,28810.43807,29873.8743,29999.41552,31219.52925,30894.80104,29716.80534,31158.24463,32010.77392,33015.38321,33572.51595,35411.26868,34282.00641,35279.79664,35684.20937,,,
"Congo, Rep.",,,,,,,,,,,,,,,,,,,,,,,,,,,,,,,5723.369677,5712.668463,6080.184749,5991.826035,5563.867321,5848.876033,6061.055998,6715.380963,7587.873428,8000.390893,8082.145858,7718.32126,6708.709161,7043.259562,7424.702464,8441.557865,9402.445911,7871.288957,8158.189503,8914.790049,9991.025595,9705.046609,9028.697623,8362.151137,8142.34965,7983.838164,7720.912605,8476.737046,10161.13149,10589.08843,9957.260368,,,
Colombia,,,,,,,,,,,,,,,,,,,,,,,,,,,,,,,57093.07,56760.81,57837.81,59005.6075,60359.315,61894.1175,62948.3725,62978.9275,64326.0825,62753.2675,62671.1975,63538.7725,63398.2025,64635.26,65405.8575,65811.68649,66175.05142,67897.76385,69091.04628,70318.52872,73090.65865,71919.59581,70257.18547,70987.58762,70942.35978,69476.75694,70164.07757,72050.92571,75182.89885,78081.48948,77156.40012,,,
Comoros,,,,,,,,,,,,,,,,,,,,,,,,,,,,,,,152.907518,153.852514,157.565009,161.215005,162.08,164.247495,166.276829,168.343662,172.937996,174.799829,155.441662,167.972692,171.803721,165.937251,168.48828,171.284309,186.5272,166.26259,188.372981,190.975871,202.243762,217.107869,224.234476,228.143583,235.10269,238.401798,234.504512,236.427227,236.774941,237.035156,236.81787,,,
Cabo Verde,,,,,,,,,,,,,,,,,,,,,,,,,,,,,,,76.150374,78.004178,85.522982,87.779285,84.388089,87.754393,82.046514,82.298636,84.135757,81.757879,78.05,76.539964,78.494928,77.954892,83.909856,83.82482,82.443187,80.431554,80.334921,85.113288,88.224155,89.2332,90.422245,91.771289,93.065334,94.406878,95.785023,87.993168,88.471312,89.104457,93.207601,,,
Costa Rica,,,,,,,,,,,,,,,,,,,,,,,,,,,,,,,3976.46,4034.175,4073.7875,4150.9175,3920.65,3657.9575,3671.675,3681.1,3797.9775,3778.615,3801.0975,3733.4775,3663.1125,3605.9525,3574.2775,3704.1725,3698.390615,3889.55873,4043.486846,4101.577461,4171.650576,4263.793212,4206.285848,4286.028483,4298.688619,4343.133755,4492.089234,4631.954712,4814.065191,4919.66067,4650.441149,,,
Caribbean small states,,,,,,,,,,,,,,,,,,,,,,,,,,,,,,,20889.52698,21346.28643,21570.45589,19988.19035,18763.45731,17635.04369,16856.24501,15573.74133,14472.68242,13931.83352,13121.34342,13551.75739,13966.04387,15498.02784,15697.47931,16241.77234,17168.18235,17362.72653,17583.10071,17837.86739,18127.83497,18141.31838,18122.54929,18350.8402,18377.37111,17936.75703,16788.65493,16978.58783,17008.47574,17197.42364,16570.62404,,,
Cuba,,,,,,,,,,,,,,,,,,,,,,,,,,,,,,,12556.085,12158.1075,12083.785,11117.135,11459.6475,11228.96,11873.8375,11740.23761,11678.54022,11386.23033,11364.67044,11190.33791,11304.68289,11456.90786,10990.58033,10323.54531,10650.83757,10723.42483,10964.5521,11562.87436,11419.94662,11747.94838,11731.06764,11758.8744,11721.97115,11230.41541,11355.80267,10948.58992,11013.14468,10837.05943,10377.33169,,,
Curacao,,,,,,,,,,,,,,,,,,,,,,,,,,,,,,,,,,,,,,,,,,,,,,,,,,,,,,,,,,,,,,,,
Cayman Islands,,,,,,,,,,,,,,,,,,,,,,,,,,,,,,,,,,,,,,,,,,,,,,,,,,,,,,,,,,,,,,,,
Cyprus,,,,,,,,,,,,,,,,,,,,,,,,,,,,,,,531.058985,538.179661,548.811083,562.879855,577.207562,590.389811,601.937362,609.380725,616.620736,623.344629,639.407968,661.558182,681.185065,674.193,674.228891,668.609027,672.252077,671.942739,679.239232,683.10615,688.984161,691.530994,691.990598,689.799428,699.400867,709.142413,726.721128,736.72211,739.498092,744.686573,749.702555,,,
Czechia,,,,,,,,,,,,,,,,,,,,,,,,,,,,,,,23657.07211,22157.84232,20655.75199,19720.05322,18517.49206,17993.18625,17763.67607,17403.14567,16711.42827,15855.72179,14977.33225,14683.48604,14136.36635,14064.79385,13652.28346,14041.60746,14292.78489,13823.55467,13924.58664,13589.51517,13817.51154,13771.10787,13619.36928,12822.31404,12755.61822,12762.36222,12474.72087,12492.4597,12408.73854,12423.22987,12381.5937,,,
Germany,,,,,,,,,,,,,,,,,,,,,,,,,,,,,,,99831.43715,96967.89111,91522.04765,89983.93407,88513.18639,87489.98025,86227.69427,83254.97236,79774.28086,77547.9447,74994.17598,73321.5606,71085.24495,68926.26613,66261.0551,64633.58239,62768.41364,61210.44374,60805.60441,58902.25138,57837.37216,55937.54184,55341.92784,55084.36637,53386.29065,52526.91041,51599.11264,51150.7377,49595.39775,48449.86781,46917.60037,,,
Djibouti,,,,,,,,,,,,,,,,,,,,,,,,,,,,,,,440.653474,446.247003,450.820532,462.574061,478.34009,512.065678,536.148374,546.30107,560.166267,584.378963,591.054159,595.068795,598.335932,602.900568,610.552704,614.31234,609.973128,613.716416,616.709704,621.142992,624.13628,626.844141,633.404501,636.369862,641.142722,645.523083,650.436537,650.047491,653.103446,656.5119,659.922854,,,
Dominica,,,,,,,,,,,,,,,,,,,,,,,,,,,,,,,97.730494,97.585311,97.680129,97.957446,98.097264,88.519903,79.259923,69.832442,60.402461,50.974981,41.545,41.5475,41.0475,41.05,41.0525,41.5525,41.563883,41.775266,41.804149,41.835532,42.136915,42.545101,43.065787,42.911473,42.992159,43.012845,43.028239,43.333633,43.539026,43.70442,43.872314,,,
Denmark,,,,,,,,,,,,,,,,,,,,,,,,,,,,,,,9631.63185,9899.446083,9950.957271,10129.89385,10011.94314,9958.134418,10091.03187,10187.87564,10174.59962,10249.16084,10556.75423,10739.94249,10619.15724,10558.5934,10528.04075,10414.68998,10170.95538,9989.503294,9694.632855,9304.096063,9441.925046,9058.79333,8852.127586,8615.271483,8451.204235,8434.565215,8390.964325,8289.487974,8106.776623,7896.685272,7778.773921,,,
Dominican Republic,,,,,,,,,,,,,,,,,,,,,,,,,,,,,,,5956.9375,6562.2675,6679.5575,7251.585,7552.24,7317.9375,7212.635,6991.9325,6814.095,6406.3925,6269.265,6595.355563,6812.631127,6726.22919,7234.167254,7042.005317,7144.789018,7839.905219,8035.831421,8320.460122,8479.748823,8562.90032,8587.251816,8648.610813,8710.124809,8738.438806,8828.497819,8960.939333,9138.243346,9137.69986,9243.113873,,,
Algeria,,,,,,,,,,,,,,,,,,,,,,,,,,,,,,,54129.63435,54521.56139,54782.24842,57900.56796,59161.955,62861.46667,66487.41083,67528.4325,68539.21167,69966.55583,73799.235,72147.38229,74728.67707,81778.33936,83388.25915,86366.42643,87553.67456,87333.22018,87297.94581,83730.82893,83875.26456,81937.2828,85112.12605,85057.58179,88114.35504,88228.59828,90856.88885,90256.30442,91576.87498,90220.78805,86543.92362,,,
East Asia & Pacific (excluding high income),,,,,,,,,,,,,,,,,,,,,,,,,,,,,,,1305336.931,1326748.814,1345709.225,1363877.516,1397200.784,1452981.689,1473708.402,1436994.755,1440164.555,1456943.359,1463833.993,1453483.829,1444810.624,1473713.995,1527823.473,1572484.018,1624259.745,1659293.33,1678956.807,1717067.065,1770867.116,1826733.798,1830277.895,1859220.49,1877471.416,1870855.533,1834417.769,1856742.064,1897718.257,1914367.96,1930334.543,,,
Early-demographic dividend,,,,,,,,,,,,,,,,,,,,,,,,,,,,,,,2264502.965,2333346.101,2327056.392,2381143.728,2401008.75,2467266.653,2525383.691,2550280.3,2564665.338,2594332.222,2659354.277,2660316.033,2655430.627,2715005.021,2766321.564,2829043.144,2873928.122,2908099.907,2949161.658,2889853.017,2919775.197,2946111.68,2994963.414,2989960.016,3006286.267,3014994.857,3046700.42,3076580.944,3089807.719,3075766.441,2992608.308,,,
East Asia & Pacific,,,,,,,,,,,,,,,,,,,,,,,,,,,,,,,1546198.167,1567894.298,1585475.458,1602507.932,1638097.666,1693120.344,1707196.485,1671657.241,1675101.453,1706623.015,1723778.826,1724293.88,1709856.036,1699228.198,1772794.044,1798705.018,1869502.976,1901678.22,1904095.702,1946232.449,1992482.518,2096210.783,2099369.497,2091685.018,2122759.333,2111466.082,2057884.343,2102719.505,2141611.109,2145295.668,2147725.502,,,
Europe & Central Asia (excluding high income),,,,,,,,,,,,,,,,,,,,,,,,,,,,,,,1082133.142,1046215.655,947853.7806,922392.0795,860433.902,831066.347,811698.5445,767438.8387,758365.4186,770435.2813,800916.269,809172.2896,835698.6431,878196.7813,891386.5343,908403.7728,910691.8094,929642.9668,940389.6395,887991.8799,919380.7624,954113.4475,955233.5001,969597.3471,969247.8808,971852.8997,983539.9766,1002796.162,1037133.211,1055732.797,1030319.932,,,
Europe & Central Asia,,,,,,,,,,,,,,,,,,,,,,,,,,,,,,,1717104.784,1671848.059,1560815.327,1527129.702,1460529.526,1427187.322,1408487.76,1358806.017,1341199.545,1345340.747,1368761.411,1365409.862,1384518.627,1418532.222,1419206.982,1426720.084,1420020.881,1430981.171,1432293.148,1368688.903,1392376.381,1411331.282,1407172.157,1412372.626,1403723.304,1406370.798,1416035.398,1433319.314,1461444.077,1475686.757,1445209.773,,,
Ecuador,,,,,,,,,,,,,,,,,,,,,,,,,,,,,,,18403.8125,18677.965,19953.6725,21376.535,22667.1725,22949.78333,23695.26917,24256.19,23199.66833,23547.88667,22730.81,24502.83333,24662.98167,25454.575,27996.32083,27862.23167,28334.3575,27629.17822,27908.39895,28225.00217,28740.6179,29008.00455,28940.9787,29429.15535,29050.07951,28218.63366,28483.25705,28263.53294,27638.20634,28293.94223,27460.31312,,,
"Egypt, Arab Rep.",,,,,,,,,,,,,,,,,,,,,,,,,,,,,,,35446.2,38569.64,39518.2975,42497.3675,44312.7725,46231.015,47745.4025,49381.5225,49390.3275,52923.0425,52995.7725,53454.12423,55294.15096,56362.01769,56565.03943,59390.39366,61148.5323,62969.68845,64437.49209,62979.85324,62141.48438,63879.19016,66020.17845,64723.34173,65487.41501,64380.5033,65722.31999,66751.87418,67405.79837,65216.60506,64402.91925,,,
Euro area,,,,,,,,,,,,,,,,,,,,,,,,,,,,,,,378698.3449,375068.4245,369152.0327,363812.0487,360266.3632,358495.422,358514.6917,355244.2268,351029.1525,347845.6252,347341.6835,342608.8213,338586.3912,334127.6496,328186.826,322521.1938,317890.5497,315665.192,312672.7567,308755.8494,305603.5683,297582.8916,295337.6594,291728.1977,287202.8481,288348.116,286142.0799,284340.1386,278821.9797,276498.0508,273236.3719,,,
Eritrea,,,,,,,,,,,,,,,,,,,,,,,,,,,,,,,2458.632313,2472.029656,2696.269979,2300.16169,2357.96998,2396.630303,2699.803921,3054.752539,3137.801157,3224.657275,3265.993393,3086.161554,3074.454714,3172.867875,3183.711036,3237.254196,3155.83045,3351.921703,3375.145457,3391.54671,3328.050464,3465.444953,3493.416943,3532.231433,3556.418423,3580.492913,3618.410213,3661.302514,3676.982314,3694.387114,3732.241915,,,
Spain,,,,,,,,,,,,,,,,,,,,,,,,,,,,,,,34073.9811,34136.31568,34603.3159,34194.69967,34618.83375,34995.42663,35780.46731,37468.01509,37884.79481,38472.74005,39103.21218,39806.78433,40170.34809,40156.9343,39851.73929,39576.79601,39316.70399,40032.36916,38464.78631,40168.21745,38595.39569,38440.59155,37734.91894,37188.65048,37005.57772,38582.90544,38488.08598,38873.29408,39155.94467,39342.10777,39703.22586,,,
Estonia,,,,,,,,,,,,,,,,,,,,,,,,,,,,,,,2283.861119,2264.528716,2303.115108,2080.131474,1785.96884,1719.89262,1660.675204,1620.28955,1558.795851,1514.303754,1456.844912,1437.669033,1433.21207,1390.852485,1405.036302,1343.308647,1332.073866,1319.920142,1299.416781,1262.53998,1278.750713,1218.404849,1219.259058,1193.72865,1180.595601,1170.396426,1090.514826,1102.394489,1099.261653,1092.331316,1097.115979,,,
Ethiopia,,,,,,,,,,,,,,,,,,,,,,,,,,,,,,,41491.66773,41860.38341,42981.00054,39189.20356,39772.6375,40067.43894,41779.68364,43220.82835,46666.92805,46442.39276,44479.20996,46572.66015,52125.26283,51027.18052,51932.0232,54109.40089,57195.38536,62919.01733,65497.79681,68243.43628,71258.86575,70283.84122,72736.22418,74934.10215,77312.33512,78962.41308,81106.15261,82703.35714,83783.48416,90115.60119,94645.58072,,,
European Union,,,,,,,,,,,,,,,,,,,,,,,,,,,,,,,527661.0293,516864.2442,503372.0114,492446.4794,483800.9033,479244.0352,478861.5344,473992.562,465890.2479,460078.0972,456868.7532,449733.9457,444037.454,440320.6885,432607.4184,426685.7097,421850.5597,418406.6353,414138.2654,408218.631,405327.8185,393976.1251,390806.1755,385377.1195,379674.161,380172.5162,376336.3633,374662.5365,369068.3698,365536.6855,361793.5937,,,
Fragile and conflict affected situations,,,,,,,,,,,,,,,,,,,,,,,,,,,,,,,793941.3033,809523.3372,819319.2196,836382.3284,864716.1573,888266.6276,918853.9287,935303.6048,943535.1983,928403.5349,949421.519,946966.4984,931020.3228,943580.3347,980841.9252,1013487.256,1017754.667,1024930.552,1040303.121,1025598.224,1048344.725,1015748.081,1049077.58,1038872.029,1030227.161,1033406.634,1034213.774,1040829.011,1032500.423,1023947.393,967104.65,,,
Finland,,,,,,,,,,,,,,,,,,,,,,,,,,,,,,,8545.715992,8458.976931,8400.620139,8373.445674,8295.704676,8077.388453,7973.011357,7862.83827,7617.047172,7420.718918,7094.041481,6932.961862,6676.111651,6442.940629,6208.268706,5920.490345,6007.323716,5821.540622,5698.67051,5583.25868,5677.989809,5478.672925,5471.324347,5342.028684,5210.776114,5125.089219,5024.84862,4902.844473,4745.952825,4639.851178,4506.322031,,,
Fiji,,,,,,,,,,,,,,,,,,,,,,,,,,,,,,,682.738024,701.401643,712.367762,759.623881,790.04,822.7425,816.8075,814.56,805.0275,784.835,787.78,801.955,770.6425,768.89,768.165,772.67828,771.879326,773.560372,778.378918,774.029964,767.83351,760.317966,760.974923,766.70438,367.338837,372.090793,372.919932,404.641571,431.84821,501.497348,443.648987,,,
France,,,,,,,,,,,,,,,,,,,,,,,,,,,,,,,70641.38415,70545.29001,70002.74015,70136.3459,70155.87209,70647.21086,71150.47155,70334.76004,70551.77699,70664.34114,72950.2626,73228.28898,71921.15589,70762.46512,70063.40875,69350.28168,68672.07753,68871.53478,68999.09794,67794.04045,67692.87822,65304.78525,64723.29312,64633.05788,63495.08574,62911.28474,61984.23946,61085.35271,60348.23346,59456.62171,58451.48747,,,
Faroe Islands,,,,,,,,,,,,,,,,,,,,,,,,,,,,,,,,,,,,,,,,,,,,,,,,,,,,,,,,,,,,,,,,
"Micronesia, Fed. Sts.",,,,,,,,,,,,,,,,,,,,,,,,,,,,,,,2.685678,2.766759,2.845339,2.92392,3.0025,40.95108,41.027382,41.106183,41.139984,41.208786,41.272587,41.350736,41.391386,41.537035,41.545184,41.650834,41.637064,42.178294,42.274524,44.113254,44.124484,46.673858,46.718232,48.050106,48.28948,49.056354,49.914902,49.82845,50.634498,51.890546,52.686594,,,
Gabon,,,,,,,,,,,,,,,,,,,,,,,,,,,,,,,8240.896977,8919.756483,8963.493489,9000.942994,10229.1275,10892.78417,11271.05083,11401.2725,11557.85917,10729.75833,9931.08,9728.942515,9258.55003,10159.42754,9947.470059,9595.745074,8704.191529,8445.615485,8638.696941,8523.993396,8736.574852,8589.213836,8329.33532,8021.154304,8140.603288,8249.887272,8253.545161,7484.293051,7068.488441,7821.91383,7451.56422,,,
United Kingdom,,,,,,,,,,,,,,,,,,,,,,,,,,,,,,,111251.7682,111743.4766,112049.6274,113486.0257,115634.1638,116511.3462,117551.3645,116725.2889,115995.9788,113759.0109,109898.6907,104855.4808,102716.246,98440.84364,93266.4981,89375.25574,84854.63216,80568.35079,75035.35761,69477.38782,64549.42757,60590.26833,58300.45813,54458.01965,51997.12614,51485.04908,53065.03356,52798.12382,52228.16159,51502.79186,50415.67463,,,
Georgia,,,,,,,,,,,,,,,,,,,,,,,,,,,,,,,13760.72859,12516.0382,10526.93917,9271.45371,8073.630746,7340.847783,7508.408227,7454.53617,7444.991613,7509.522057,7580.5875,6587.858333,6580.179167,6927.9475,6633.145833,6147.069167,6080.07,5952.995307,5863.038113,5787.14092,5750.123726,5702.854308,5770.67239,5820.087971,5813.041053,5512.941635,5475.84889,5395.031144,5269.120899,5191.288153,5133.092908,,,
Ghana,,,,,,,,,,,,,,,,,,,,,,,,,,,,,,,4969.69,5194.88,5166.1125,5237.725,5413.88,5552.96,5886.16,6451.73,7102.2225,6575.515,7127.54,6567.495,6654.865,7108.665,6888.8675,7811.5475,7622.575,7453.944212,7639.538424,7577.460137,7884.654349,8925.802131,8682.964914,9303.337696,9420.435479,9825.823261,9890.269798,10698.03884,10742.06787,11193.33691,11847.91345,,,
Gibraltar,,,,,,,,,,,,,,,,,,,,,,,,,,,,,,,,,,,,,,,,,,,,,,,,,,,,,,,,,,,,,,,,
Guinea,,,,,,,,,,,,,,,,,,,,,,,,,,,,,,,4781.080192,4988.565031,5209.467371,5442.70221,5703.122049,5966.891889,5749.151389,5934.65839,6444.92289,6369.429891,6745.959391,7108.086811,7708.109231,7827.139151,7905.029071,8657.42649,8859.022354,9098.518217,9415.744081,9772.959944,11565.51581,12271.82359,13040.74637,13329.06165,13644.49193,13816.77721,15076.01558,15259.05894,15343.51731,16183.83068,16813.30155,,,
"Gambia, The",,,,,,,,,,,,,,,,,,,,,,,,,,,,,,,3809.922397,3948.763265,4060.494132,4170.1425,3702.133571,3217.414643,2742.080714,2203.189286,1722.800357,1211.473929,739.4175,690.710896,678.376793,744.962689,808.721086,840.099482,874.875622,874.574261,994.827901,1266.52654,1353.04018,1049.330039,1154.259898,1218.989758,1260.092117,1394.111976,1270.131277,1295.058077,1151.037378,1316.506678,1346.288478,,,
Guinea-Bissau,,,,,,,,,,,,,,,,,,,,,,,,,,,,,,,739.260037,744.061278,765.540019,777.961259,793.1875,813.646241,781.615733,763.885224,766.282216,827.569208,839.7037,972.125199,992.479197,993.048196,949.097194,936.041193,1017.809869,1030.891046,1004.364722,1066.430898,1115.554574,1101.365051,1197.838027,1195.546004,1141.18648,1212.911956,1200.555809,1190.367162,1238.328515,1249.664868,1261.116221,,,
Equatorial Guinea,,,,,,,,,,,,,,,,,,,,,,,,,,,,,,,96.486517,237.997802,1158.916587,1266.635373,1357.409158,1473.437943,1714.671908,2815.865872,3694.112337,4075.211302,4654.167767,6003.744282,5628.830797,6507.759812,7593.986327,7960.295342,7849.331285,7764.789727,7385.84817,6486.831613,6641.960056,5940.436691,5811.860825,5523.33496,7558.994095,6904.09323,6226.873669,5634.816609,5480.122048,5028.424988,4778.315427,,,
Greece,,,,,,,,,,,,,,,,,,,,,,,,,,,,,,,10826.88865,10712.19088,10797.29824,10892.73003,11105.43319,11177.45901,11394.91309,11343.02771,11570.56916,11491.83928,11583.15642,10809.61728,10861.75421,10901.64233,11078.33083,11072.59313,11140.47658,11141.08287,11034.70104,10699.42507,10867.22734,10722.24641,10590.90803,10211.71007,10090.01539,9928.525996,9597.213226,9656.767488,9366.17425,9341.491012,9405.825274,,,
Grenada,,,,,,,,,,,,,,,,,,,,,,,,,,,,,,,1721.385065,1733.29069,1745.218816,1757.164442,1769.125068,1781.088193,1795.176224,1809.276754,1823.382284,1837.560315,1851.478345,1862.363006,1873.210167,1884.132327,1894.944488,1905.754149,1915.320172,1924.918696,1934.672219,1944.275743,1953.469266,1962.95126,1972.455754,1981.805248,1991.264742,2000.694236,2009.917012,2019.187289,2028.405065,2037.632841,2046.858118,,,
Greenland,,,,,,,,,,,,,,,,,,,,,,,,,,,,,,,,,,,,,,,,,,,,,,,,,,,,,,,,,,,,,,,,
Guatemala,,,,,,,,,,,,,,,,,,,,,,,,,,,,,,,4976.45,5084.176396,5365.530291,5596.759187,5477.030582,5527.166978,5552.21762,5648.670763,5683.836406,6058.302049,6103.230192,6296.13287,6764.615548,6645.625725,6796.025903,7148.233581,7186.920125,7632.00167,7866.760714,8246.704759,8534.098803,8571.850089,8749.016376,8911.092662,9194.421448,9416.737734,9736.553551,9986.211868,10150.13268,10380.6785,10598.09932,,,
Guam,,,,,,,,,,,,,,,,,,,,,,,,,,,,,,,,,,,,,,,,,,,,,,,,,,,,,,,,,,,,,,,,
Guyana,,,,,,,,,,,,,,,,,,,,,,,,,,,,,,,823.391263,981.368001,1038.47724,1162.233979,1145.673217,1342.482456,1341.731839,1379.448722,1286.535606,1387.037489,1173.500685,1229.125407,1110.97263,1287.679853,1183.964575,1113.318353,1076.683892,1105.554431,1193.34997,1237.463009,1286.261048,1348.138727,1378.056405,1520.979084,1661.021763,1719.674442,1423.889832,1570.465223,1523.510614,1600.573505,1846.596396,,,
High income,,,,,,,,,,,,,,,,,,,,,,,,,,,,,,,1779462.935,1786485.346,1789691.039,1779597.939,1792180.394,1791302.284,1790129.65,1785172.776,1767647.05,1758649.793,1768856.74,1763221.605,1742222.157,1711076.513,1726713.334,1709697.074,1729126.984,1722470.655,1709808.435,1682432.721,1695617.794,1752632.081,1768018.558,1734433.428,1767606.68,1772064.855,1746846.175,1784238.863,1828761.641,1853636.72,1789814.683,,,
"Hong Kong SAR, China",,,,,,,,,,,,,,,,,,,,,,,,,,,,,,,,,,,,,,,,,,,,,,,,,,,,,,,,,,,,,,,,
Honduras,,,,,,,,,,,,,,,,,,,,,,,,,,,,,,,7023.732103,7075.811682,7106.986262,6775.653341,7157.457921,6990.605,6681.085,6344.46,5890.47,5115.515,4966.8025,5121.594816,5528.142132,6240.926948,6217.666764,6490.21908,6413.787663,6523.776246,6664.422329,6931.320912,7018.304495,7131.089174,7179.726352,7310.886031,7403.79571,7471.212888,7530.585141,7350.172394,7519.612147,7564.1894,7741.124153,,,
Heavily indebted poor countries (HIPC),,,,,,,,,,,,,,,,,,,,,,,,,,,,,,,314062.6992,326839.6528,336006.1867,340345.2233,348057.0373,353478.3521,361053.9757,371066.0761,388985.5225,393027.577,398097.2842,396409.9537,417431.1854,436333.4064,442399.5151,464794.6981,464930.0217,475040.3519,489104.7754,493467.1513,512366.0282,520923.63,530411.5989,544332.5205,554157.0546,567518.4337,580385.6858,585687.4605,599279.7601,616844.1672,636135.3869,,,
Croatia,,,,,,,,,,,,,,,,,,,,,,,,,,,,,,,4047.170998,3980.042559,3711.669133,3664.031372,3524.073784,3440.836075,3383.902594,3356.814611,3326.904982,3374.014878,3295.845137,3378.199175,3395.869929,3509.671411,3649.43217,3627.521552,3749.423174,3787.575644,3762.566813,3819.024153,3799.887783,3806.982421,3745.838784,3647.433029,3643.613749,3738.489602,3754.058864,3770.746894,3670.289924,3678.502955,3668.675985,,,
Haiti,,,,,,,,,,,,,,,,,,,,,,,,,,,,,,,3330.885383,3501.778166,3880.675949,3771.548732,3770.126516,3817.234202,3877.438912,4031.841122,4080.558332,4137.900543,4387.487753,4431.638536,4482.766819,4527.672602,4546.715885,4597.129167,4623.006962,4686.689756,4715.33255,4777.125344,4830.833138,4890.294224,4932.26531,4963.366396,4983.027482,5053.846068,5154.057298,5177.631028,5121.612258,5186.005988,5203.617218,,,
Hungary,,,,,,,,,,,,,,,,,,,,,,,,,,,,,,,11637.46563,11571.82103,10433.77739,9862.175684,9421.503938,8802.73672,8973.727138,8849.908507,8712.365369,8783.983364,8772.567773,8660.055601,8729.389159,8869.683835,8453.116799,8383.75631,8245.205364,8139.175848,8038.277118,8018.512384,7975.228631,7800.894744,7664.291846,7481.372511,7314.138414,7241.88852,7227.973318,7159.011853,7063.130388,6992.811423,6956.244958,,,
IBRD only,,,,,,,,,,,,,,,,,,,,,,,,,,,,,,,4118891.69,4125956.333,4063818.193,4089844.522,4096796.096,4171287.613,4208975.268,4175510.601,4196121.218,4226020.083,4302866.184,4313508.005,4325941.118,4448634.698,4589105.155,4704909.729,4776327.025,4854471.692,4908398.391,4869129.969,4986905.726,5055788.828,5113817.397,5131875.887,5163939.647,5177383.901,5182310.076,5227097.013,5275268.326,5275474.45,5193231.613,,,
IDA & IBRD total,,,,,,,,,,,,,,,,,,,,,,,,,,,,,,,4936001.815,4970226.575,4929770.224,4974708.709,5005021.979,5092682.816,5143033.648,5116490.216,5148496.113,5185141.274,5269708.112,5285826.027,5321956.162,5487167.75,5637021.053,5786075.348,5869983.204,5972885.551,6050331.888,6019933.657,6172179.744,6253096.559,6294494.286,6324028.89,6369025.633,6397455.435,6422142.247,6485395.77,6564116.652,6594330.453,6536818.375,,,
IDA total,,,,,,,,,,,,,,,,,,,,,,,,,,,,,,,817110.1257,844270.242,865952.0315,884864.1873,908225.8838,921395.2032,934058.3801,940979.6145,952374.8949,959121.1908,966841.928,972318.0227,996015.0436,1038533.052,1047915.898,1081165.62,1093656.18,1118413.859,1141933.496,1150803.688,1185274.017,1197307.731,1180676.89,1192153.004,1205085.985,1220071.534,1239832.17,1258298.757,1288848.326,1318856.002,1343586.761,,,
IDA blend,,,,,,,,,,,,,,,,,,,,,,,,,,,,,,,308137.9637,321261.2918,324934.2751,329070.4954,336788.8831,336563.0639,344856.2238,343290.1186,338124.7819,333326.6978,333950.8736,338534.0796,334359.4457,353013.9542,363361.6027,368435.8845,375614.0006,384929.0942,389772.7077,388826.7613,402000.0823,411624.1499,414718.6449,416863.375,420987.1052,426601.4453,434516.0208,440611.3789,455289.4721,469483.9552,470126.1282,,,
Indonesia,,,,,,,,,,,,,,,,,,,,,,,,,,,,,,,280038.5138,286975.0377,296823.0791,300453.6305,306292.3919,314874.9833,321981.8712,325396.2715,330684.0018,336220.0472,339713.82,332760.9495,328592.489,322512.476,320800.5254,317297.9149,320303.1269,314649.1114,309603.1884,311134.9979,312449.7048,319401.1218,316506.5338,318017.3149,323344.586,319717.554,318960.4231,325926.3572,335362.6038,339612.8029,333994.9095,,,
IDA only,,,,,,,,,,,,,,,,,,,,,,,,,,,,,,,508972.1619,523008.9503,541017.7564,555793.692,571437.0007,584832.1393,589202.1563,597689.4959,614250.113,625794.493,632891.0544,633783.943,661655.5979,685519.0974,684554.2955,712729.7351,718042.1793,733484.7652,752160.7886,761976.927,783273.9348,785683.5807,765958.2449,775289.6286,784098.88,793470.0888,805316.1496,817687.3779,833558.8538,849372.0471,873460.633,,,
Isle of Man,,,,,,,,,,,,,,,,,,,,,,,,,,,,,,,,,,,,,,,,,,,,,,,,,,,,,,,,,,,,,,,,
India,,,,,,,,,,,,,,,,,,,,,,,,,,,,,,,528077.742,534386.7109,535736.2773,539941.7361,544615.5375,555229.73,565094.8625,574291.5675,582210.4,589663.7275,594662.7625,597332.605,591021.88,599191.17,606634.45,620079.605,629406.715,642567.15,651240.1975,651518.635,658933.4275,666187.7766,665447.8733,669582.0974,674057.7366,678829.1432,684445.8012,686785.3417,695493.5672,696431.7852,697654.6707,,,
Not classified,,,,,,,,,,,,,,,,,,,,,,,,,,,,,,,,,,,,,,,,,,,,,,,,,,,,,,,,,,,,,,,,
Ireland,,,,,,,,,,,,,,,,,,,,,,,,,,,,,,,15465.51914,15729.73644,15775.75912,15912.07338,15941.81266,16001.51313,15983.15423,15989.58129,16430.08545,16484.3356,16971.11585,17058.12519,16965.14285,17536.83746,16597.90776,16121.21034,16090.375,15433.0914,15197.53543,14913.58284,14416.13345,14422.8489,14871.66882,15264.51862,15616.12183,15901.26475,16545.16501,16798.27866,15183.12982,15224.74347,15252.82463,,,
"Iran, Islamic Rep.",,,,,,,,,,,,,,,,,,,,,,,,,,,,,,,104156.1538,110083.7435,115309.9582,120678.1853,121138.59,123641.5,128048.3225,130145.9925,130406.45,131823.8875,140056.09,139289.9655,136177.756,150900.889,156671.3044,161968.7274,167011.9403,169963.3882,167742.7135,168864.3289,172450.1068,173221.5384,163663.92,159771.1266,163734.2682,168726.3948,196323.7834,205842.4996,205272.5557,180210.4594,174641.9705,,,
Iraq,,,,,,,,,,,,,,,,,,,,,,,,,,,,,,,35212.7494,11014.93104,13180.73767,16718.53431,19676.82594,20071.77758,19610.11038,28611.10569,39483.65849,45221.6763,46930.2841,45241.33826,40458.12991,33200.17407,42261.87573,40623.46488,42290.63536,43740.90833,47708.7488,50873.80678,52415.33975,57147.35987,65015.96498,67234.6301,70951.44521,79617.36283,88097.35634,89081.20984,90103.32835,93815.34436,85916.97036,,,
Iceland,,,,,,,,,,,,,,,,,,,,,,,,,,,,,,,510.438512,513.357921,520.504694,531.015488,544.56326,550.529221,560.238354,565.723478,575.383863,580.161218,575.300368,581.112078,576.716382,574.625165,577.319344,569.111876,612.942174,614.16277,605.798268,599.917859,602.179581,574.132907,540.18732,544.351953,558.730401,561.155526,548.744758,541.942207,535.679655,527.469604,515.164553,,,
Israel,,,,,,,,,,,,,,,,,,,,,,,,,,,,,,,8332.013509,8596.218992,8884.279474,9169.202456,9469.577939,9752.948421,10066.885,10134.7525,10213.26,10297.825,10376.31,9000.801667,7605.198333,6250.175,6774.8,7333.31,7660.6425,7756.0025,7810.5025,7860.1875,7817.845,8001.988939,8018.965377,8421.456816,8648.098255,8885.427193,9108.850883,9304.992072,9482.745761,9626.87945,9801.47314,,,
Italy,,,,,,,,,,,,,,,,,,,,,,,,,,,,,,,48747.72128,47752.12887,47845.94162,47598.71934,48115.86485,48335.79909,49188.90625,49665.08677,49387.85077,49512.12384,50671.82141,49146.95308,49968.97599,49911.06591,49169.0214,49371.90834,48798.41147,48821.4755,48869.28546,48287.23812,48516.82612,46126.92408,46831.68941,44717.85373,43721.64912,44435.08512,44267.56772,44362.31155,44521.72038,44260.25921,43888.65304,,,
Jamaica,,,,,,,,,,,,,,,,,,,,,,,,,,,,,,,1034.240312,1078.565859,1144.418906,1150.154453,1128.0375,1149.170547,1113.508942,1091.199837,1092.613232,1101.954127,1106.512522,1108.527871,1112.023219,1158.228568,1097.983917,1072.204265,858.078971,823.803677,816.240883,804.738088,813.162794,824.762273,831.486751,831.87873,830.560708,820.075187,826.718727,826.732268,832.605809,837.456849,825.92789,,,
Jordan,,,,,,,,,,,,,,,,,,,,,,,,,,,,,,,8179.088209,8661.823032,9179.362855,9608.530177,9941.7475,8909.408333,7832.116667,6748.8475,5651.075833,4629.819167,3533.325,3613.274167,3716.393333,3808.8575,3981.631667,4127.875833,4266.5625,4495.405452,4737.643403,4818.148855,4867.931807,4924.824464,5063.05212,5256.379777,5416.919934,5699.002591,6083.99823,6225.566369,6389.282008,6543.202647,6678.095787,,,
Japan,,,,,,,,,,,,,,,,,,,,,,,,,,,,,,,36979.31684,36979.42911,37411.13649,37440.02751,37737.99613,36866.54026,35901.4399,35287.3009,34058.60504,33773.88326,33316.5659,32381.53085,32230.93036,31982.00376,31793.94742,31415.37874,31232.98422,31137.59872,30415.33519,29810.27489,29737.08387,29682.06265,29530.66897,29221.81079,28663.08937,27895.66426,27574.62849,27414.22695,26580.90541,26155.26387,25783.31233,,,
Kazakhstan,,,,,,,,,,,,,,,,,,,,,,,,,,,,,,,43357.87087,43595.18346,40195.339,39565.92675,38685.12475,36237.32375,34563.43625,34429.39525,32880.2665,32786.291,35115.2275,36981.25225,47112.52875,46470.78025,51842.69825,54808.1115,57453.63925,57667.4605,61112.15675,62617.70625,65100.992,65446.04175,64642.45575,65101.3245,65532.8325,63810.6285,62581.44275,69989.74805,70530.11586,69016.98866,69749.45146,,,
Kenya,,,,,,,,,,,,,,,,,,,,,,,,,,,,,,,18442.38365,17758.27523,17701.11432,17653.59591,17750.805,17710.35909,16764.78589,16792.2152,17139.7395,18241.4613,16909.35561,16925.57136,17688.26461,18829.65286,20048.93111,19499.20686,19175.59319,29867.55952,30329.23085,29177.01218,29373.34351,30128.20287,29959.25973,29489.82159,29950.97094,30438.8503,32958.76585,30856.6389,32036.77445,36858.06249,37602.48554,,,
Kyrgyz Republic,,,,,,,,,,,,,,,,,,,,,,,,,,,,,,,7316.657793,7530.478112,6757.53,5809.8225,4439.4775,3967.9775,3727.6625,3703.1125,3536.485,3374.495,3422.58,3491.44,3549.5875,3422.95,3604.585,3507.0025,3548.877278,3596.042055,3669.419333,3853.79911,3886.821388,3979.43024,4068.829093,4173.895446,4359.559299,4374.548152,4482.121862,4582.150572,4717.041781,4796.577991,4864.996701,,,
Cambodia,,,,,,,,,,,,,,,,,,,,,,,,,,,,,,,12141.99442,11737.77894,12035.32596,12724.32298,11490.485,13843.38702,13858.4145,14014.40698,13952.98196,14800.56694,13952.62692,13948.40124,14161.48807,15325.11739,15023.91422,16210.74355,17100.81901,17398.20447,17590.99243,18004.89789,18190.34836,18960.69985,18411.68385,18266.42785,17775.69185,17666.30835,17905.72829,18279.10072,18302.14566,18056.7931,17836.42554,,,
Kiribati,,,,,,,,,,,,,,,,,,,,,,,,,,,,,,,13.495188,13.639516,13.858844,14.078172,14.2925,14.506828,14.898168,15.094509,15.290849,15.487189,16.09353,16.441068,17.136107,17.353646,17.651185,17.948723,18.266739,18.607255,18.90027,19.188286,19.621302,19.927816,20.41433,20.715844,21.199859,21.568873,21.935588,22.272304,22.596519,22.860735,23.209951,,,
St. Kitts and Nevis,,,,,,,,,,,,,,,,,,,,,,,,,,,,,,,65.905643,65.963981,66.002319,65.958157,66.263995,66.517334,67.439254,68.186175,69.208096,70.247517,71.564437,72.188619,72.9253,73.646981,74.418662,75.817843,76.459689,78.219034,80.033379,80.802725,81.66707,81.837885,76.6387,76.979515,76.74533,77.988645,78.46508,79.331514,80.265449,81.219383,82.070818,,,
"Korea, Rep.",,,,,,,,,,,,,,,,,,,,,,,,,,,,,,,24244.1425,24443.72,24544.6875,24684.065,24979.675,25126.5475,25757.1425,26055.6875,24406.91,24142.7125,24330.3675,24828.28,24627.55,24593.22,23598.35,23746.79,23756.8325,23321.09,23295.4575,23635.675,23803.695,23411.4475,23413.61,23209.91,22940.46,22740.49955,22404.29617,22299.3703,22262.07942,22093.77855,21990.13017,,,
Kuwait,,,,,,,,,,,,,,,,,,,,,,,,,,,,,,,9798.489182,2369.224436,8853.997189,15378.78744,17010.1777,17092.89795,17328.14642,17898.37988,17469.92335,16238.46932,17596.36529,17169.79747,16351.85465,18892.36683,20159.83402,21140.7637,21717.94814,21050.94507,22082.16701,19846.87394,20409.91588,22289.40147,23552.93207,24532.45766,24329.65076,24140.06635,25717.79631,24140.42878,24484.18624,24284.1462,22640.62617,,,
Latin America & Caribbean (excluding high income),,,,,,,,,,,,,,,,,,,,,,,,,,,,,,,680013.7133,689373.6465,701385.3971,712774.3453,726673.2234,735203.6413,727791.1218,740313.0449,748784.2715,756641.608,767802.0121,787420.7855,815946.5988,849873.7271,872737.0705,884646.5151,888532.769,894562.9219,897697.2898,899996.4652,921289.584,923566.6543,929746.5444,925574.2796,944117.4874,956302.6627,962661.8579,964702.3106,962755.3733,978564.0461,982586.4462,,,
Lao PDR,,,,,,,,,,,,,,,,,,,,,,,,,,,,,,,4826.472918,4687.356084,4856.111749,4849.559915,5107.135581,5076.366246,5052.471497,5215.809248,4874.669498,4807.067249,5377.125,5558.996714,5661.530928,5793.550143,6019.449357,5914.033571,5957.930006,6198.93144,6368.257875,6594.099309,6952.538244,6716.32437,7258.950497,7244.119123,7395.582749,7585.051376,7853.802464,7823.771051,7609.569639,7731.493227,8011.314315,,,
Lebanon,,,,,,,,,,,,,,,,,,,,,,,,,,,,,,,1228.305441,1274.175171,1304.219901,1339.627131,1361.354362,1508.436582,1676.723766,1824.010949,1973.860633,2125.357816,2260.6475,2305.489906,2359.812312,2410.522217,2455.622123,2509.214529,2560.307391,2588.770253,2661.483115,2718.640977,2761.771339,2849.247257,2922.865675,2979.236593,3050.117511,3101.805929,3179.27193,3262.34293,3336.203931,3407.219931,3459.013432,,,
Liberia,,,,,,,,,,,,,,,,,,,,,,,,,,,,,,,217.262899,193.116162,195.766926,175.565189,170.845952,172.751716,169.046937,190.352157,200.934878,199.740099,198.82032,196.621203,195.359587,208.047971,207.688854,203.747238,225.154939,242.275139,254.99784,383.338041,295.515742,301.140227,306.414712,299.716697,333.863682,397.588166,337.595812,322.338458,322.916103,362.138749,338.868895,,,
Libya,,,,,,,,,,,,,,,,,,,,,,,,,,,,,,,50200.09999,54230.94827,48264.57904,51665.11481,57776.86058,60914.52635,61735.36968,57312.48302,57055.59635,53478.70718,56058.37301,52548.40948,50631.85846,55947.50744,59542.85891,64027.45039,66161.49065,65423.42592,65940.38118,59957.98645,63107.24671,24771.85371,62052.2882,43830.0252,28337.38969,26495.29419,25728.14786,42299.74653,49075.34271,53112.78638,24033.12005,,,
St. Lucia,,,,,,,,,,,,,,,,,,,,,,,,,,,,,,,680.748073,693.503567,706.261561,719.017055,731.70755,646.399149,561.085953,475.840256,390.61956,305.376364,216.580668,219.376328,222.579488,225.327648,228.465808,231.251469,234.08541,237.254352,240.313294,243.449735,246.251177,249.121644,252.027111,254.930078,258.378045,261.173511,263.398713,265.873914,268.324115,270.581816,272.859517,,,
Latin America & Caribbean,,,,,,,,,,,,,,,,,,,,,,,,,,,,,,,895040.9534,921887.9699,935624.7989,950141.9853,969137.0969,996849.1046,1010726.447,1036909.787,1042841.256,1034629.686,1055025.007,1076956.551,1084740.924,1108286.03,1153020.431,1177265.087,1180469.937,1184904.001,1195492.523,1184216.403,1197110.758,1201481.417,1220362.747,1218312.105,1232643.908,1236704.797,1226888.004,1203405.977,1169689.562,1155803.205,1128800.77,,,
Least developed countries: UN classification,,,,,,,,,,,,,,,,,,,,,,,,,,,,,,,442493.5439,448697.9388,459423.9305,469838.137,483629.2412,497585.7219,506408.2796,516752.0349,538074.4352,550439.4511,559655.3794,562672.1606,590795.7506,617733.8652,629966.1334,660054.6965,667417.5832,687801.7448,708164.304,717566.3181,740452.4023,743161.7438,734440.0088,749095.5556,759145.4875,769121.8618,780695.1679,791325.8065,802897.5476,817591.0262,836274.4848,,,
Low income,,,,,,,,,,,,,,,,,,,,,,,,,,,,,,,286301.1271,296906.6509,307334.1967,314608.3497,325014.3079,329782.7316,336964.4503,344485.699,358436.1676,363065.8544,368674.051,368516.6695,389737.8054,405372.4778,404429.1714,420582.0424,423001.719,435419.5457,447437.4124,454136.0241,466866.3607,465792.5921,442932.5444,445563.1386,452206.0903,454812.2545,463176.0593,470970.9341,483690.574,494409.5138,512928.4236,,,
Liechtenstein,,,,,,,,,,,,,,,,,,,,,,,,,,,,,,,1.938977,1.992458,2.031424,2.0618,2.087237,2.116963,2.417077,2.183531,2.248919,2.299851,2.579091,2.386077,2.678171,2.734213,2.786433,2.828534,2.79072,2.795248,3.089673,2.7646,2.795276,2.764509,2.783252,2.828352,2.56913,2.612709,2.565088,2.57088,2.576673,2.582465,2.588257,,,
Sri Lanka,,,,,,,,,,,,,,,,,,,,,,,,,,,,,,,17847.64101,17603.17127,18014.71403,18385.6068,18419.0675,18530.73,15893.7975,13904.425,11124.75,9437.9125,7299.0875,7134.742837,7234.340674,7561.38601,7151.883847,7771.876684,7803.745283,7615.038881,8288.37248,8108.776078,8592.792176,8492.705699,8505.229222,8734.342745,7783.721268,8744.33229,8264.895067,7382.885344,8211.295621,7986.473398,8377.671174,,,
Lower middle income,,,,,,,,,,,,,,,,,,,,,,,,,,,,,,,1525620.184,1557884.939,1568897.835,1592883.161,1613608.11,1640358.392,1665402.074,1675262.972,1674664.414,1698292.707,1716323.08,1719881.688,1722106.419,1784369.178,1815818.172,1862612.748,1893165.58,1931366.282,1953609.415,1952679.398,1987400.81,2010688.412,2014914.524,2026682.202,2045609.864,2067743.572,2116988.531,2142270.731,2166890.844,2158953.031,2152318.518,,,
Low & middle income,,,,,,,,,,,,,,,,,,,,,,,,,,,,,,,4683190.427,4702860.028,4663886.881,4706321.32,4732006.565,4800591.115,4829197.401,4788287.787,4823869.921,4876434.193,4952265.309,4967665.842,5025165.762,5200525.799,5328576.609,5464549.626,5549585.25,5654927.555,5726139.619,5711167.476,5872069.707,5954355.37,5983277.211,6010948.508,6060864.804,6097161.601,6139226.162,6227861.256,6337896.511,6398470.668,6371942.607,,,
Lesotho,,,,,,,,,,,,,,,,,,,,,,,,,,,,,,,986.203915,994.071344,1095.431272,1068.2737,1040.366128,1000.638556,977.194761,1029.233466,898.98217,1224.563375,1174.11208,1162.942125,1056.357171,1091.449716,1047.652262,1144.604807,1095.026189,1123.52007,1091.678952,1102.612833,1089.984215,1112.314306,1115.091898,1047.184489,1032.00458,1018.384672,1000.743428,1089.124684,990.385941,909.867197,998.828453,,,
Late-demographic dividend,,,,,,,,,,,,,,,,,,,,,,,,,,,,,,,2245907.776,2230696.017,2201410.559,2185879.309,2185964.301,2208941.189,2197300.367,2142791.644,2146755.904,2148463.945,2169574.736,2187475.37,2220535.023,2311670.156,2394317.367,2468383.888,2517108.058,2566045.279,2597954.075,2620847.925,2723920.286,2786408.285,2791484.032,2823802.839,2840972.332,2848959.187,2832728.36,2859088.779,2912617.993,2940418.258,2958967.532,,,
Lithuania,,,,,,,,,,,,,,,,,,,,,,,,,,,,,,,7124.09004,7052.320503,7348.325393,6291.988045,5591.986616,5178.970309,5013.823613,5005.105314,4865.513934,4601.101625,4420.187874,4163.273568,4200.563076,4256.935928,4300.786644,4264.260145,4224.157765,4226.260109,4065.649859,3932.309778,3878.993512,3716.27283,3688.271457,3575.941185,3479.47061,3448.056709,3353.887807,3266.362336,3118.156865,3033.196393,2998.360922,,,
Luxembourg,,,,,,,,,,,,,,,,,,,,,,,,,,,,,,,602.33325,611.911656,610.973788,607.354941,596.992032,603.574436,604.035051,598.081104,593.729422,614.987841,592.317469,593.778203,594.276797,582.869508,578.449843,573.285924,567.8681,577.032264,580.782983,579.925478,578.650288,558.884899,550.871676,557.392628,562.749358,562.823954,563.591423,571.05182,559.542218,558.712615,555.763012,,,
Latvia,,,,,,,,,,,,,,,,,,,,,,,,,,,,,,,4064.331934,4070.618448,4604.742784,3992.319802,2911.592566,2639.878588,2600.272097,2494.36539,2406.972892,2294.875586,2170.767076,2199.823964,2238.869396,2176.443771,2127.143873,2151.473474,2145.036468,2144.944732,2161.683101,2105.330079,2056.040843,2003.857462,2055.573484,2065.798811,2123.014604,2043.623991,2053.545204,2047.662785,2000.532866,1980.055447,1952.810529,,,
"Macao SAR, China",,,,,,,,,,,,,,,,,,,,,,,,,,,,,,,,,,,,,,,,,,,,,,,,,,,,,,,,,,,,,,,,
St. Martin (French part),,,,,,,,,,,,,,,,,,,,,,,,,,,,,,,,,,,,,,,,,,,,,,,,,,,,,,,,,,,,,,,,
Morocco,,,,,,,,,,,,,,,,,,,,,,,,,,,,,,,8909.760945,8763.481334,8620.424222,7862.497111,8145.6375,8185.275833,8520.231667,8907.6575,8888.878333,9207.814167,9530.23,9545.541528,9531.638057,9683.697085,10188.46361,10208.00514,10337.29734,10264.96953,10346.85672,10351.40142,10578.15361,10971.04846,11046.72831,11238.00816,11426.09051,11490.70535,11618.29529,11722.04522,11907.42765,12095.11759,12029.80502,,,
Monaco,,,,,,,,,,,,,,,,,,,,,,,,,,,,,,,,,,,,,,,,,,,,,,,,,,,,,,,,,,,,,,,,
Moldova,,,,,,,,,,,,,,,,,,,,,,,,,,,,,,,5500.060398,5525.715681,5170.67647,4755.632205,4997.57544,4913.068675,4926.83794,4404.244705,4031.25897,4031.163235,3861.805,3608.6425,3652.235,3701.945,3632.92,3550.445,3437.825,3492.6575,3322.425,3244.38,3411.4275,3448.38368,3435.73736,3428.07854,3465.024721,3469.500901,3457.098625,3490.906349,3447.294074,3342.571798,3287.202022,,,
Madagascar,,,,,,,,,,,,,,,,,,,,,,,,,,,,,,,16544.80238,16484.46135,16690.65032,16981.47678,16529.55325,16739.30721,16768.18812,16754.76904,17201.36495,17035.18086,16811.18427,15929.02487,14912.33797,15917.52358,15362.02668,17346.97728,16893.31263,17648.95048,17146.32583,17546.78619,17578.81404,16995.87171,17461.21938,16068.54205,16173.49722,15833.85489,16732.21328,15695.18418,17608.89257,18364.01847,19021.93937,,,
Maldives,,,,,,,,,,,,,,,,,,,,,,,,,,,,,,,42.616712,44.241505,45.866297,47.49109,49.115883,50.740675,52.462663,54.187151,55.909138,57.631126,59.353114,61.599695,63.846275,66.092856,68.339437,70.586018,74.442077,78.298136,82.154195,86.010254,89.866313,94.781521,99.69673,104.611938,109.527146,114.442355,119.086928,123.731501,128.376074,133.020647,137.66522,,,
Middle East & North Africa,,,,,,,,,,,,,,,,,,,,,,,,,,,,,,,465308.0309,472996.0001,492178.3006,520147.3949,539372.1146,554887.4212,567851.2615,583788.363,596841.1934,602965.3711,630256.6795,621966.2364,615284.8438,650258.936,667832.4705,690948.2434,706826.612,711097.0076,721587.5462,707906.1131,727320.6743,708987.4918,745553.3539,725228.0086,720086.3412,732161.9233,780520.6828,805906.5044,820415.6585,803326.0426,751959.6968,,,
Mexico,,,,,,,,,,,,,,,,,,,,,,,,,,,,,,,100576.005,102388.7225,101920.03,109533.39,110422.7975,110072.205,111442.7875,114882.81,115738.23,114160.7,116968.9125,118098.2525,121009.4075,125959.095,127153.41,128238.945,130812.675,131238.555,131752.545,131011.8125,132475.0425,135079.97,134455.895,128154.0375,136646.6675,143502.2375,143447.7028,141232.8281,142148.4884,142624.8687,143480.8889,,,
Marshall Islands,,,,,,,,,,,,,,,,,,,,,,,,,,,,,,,24.527909,25.235549,25.943189,26.650828,27.358468,28.066108,28.417191,28.768274,29.119357,29.47044,29.821522,29.967852,30.114182,30.260512,30.406841,30.553171,30.629281,30.70539,30.7815,30.857609,30.933718,31.052103,31.170488,31.288872,31.407257,31.525642,31.602719,31.679797,31.756875,31.833952,31.91103,,,
Middle income,,,,,,,,,,,,,,,,,,,,,,,,,,,,,,,4396889.3,4405953.377,4356552.685,4391712.97,4406992.257,4470808.384,4492232.951,4443802.088,4465433.754,4513368.339,4583591.258,4599149.172,4635427.957,4795153.321,4924147.437,5043967.584,5126583.531,5219508.01,5278702.206,5257031.452,5405203.346,5488562.778,5540344.667,5565385.369,5608658.713,5642349.347,5676050.102,5756890.322,5854205.937,5904061.155,5859014.184,,,
North Macedonia,,,,,,,,,,,,,,,,,,,,,,,,,,,,,,,2588.25297,2535.14631,2367.5475,2376.965,2306.84,2336.8775,2338.165,2321.5775,2273.815,2172.77,2225.4075,2178.7925,2156.9675,2227.993102,2272.576204,2241.946807,2268.775472,2280.916638,2307.577804,2238.18397,2285.591146,2334.460219,2302.711792,2310.278364,2343.107437,2386.70651,2412.26903,2447.97905,2442.70157,2354.53159,2369.77411,,,
Mali,,,,,,,,,,,,,,,,,,,,,,,,,,,,,,,8800.238992,8765.066693,8776.526895,8889.824597,9062.684798,9297.125,9826.985,9963.485,10528.225,11242.455,11632.3125,11530.08814,11757.74628,12284.41442,13406.26507,13943.50321,13874.99193,14479.60315,15245.18187,15261.63059,16172.78431,16487.26021,17017.54861,17417.06451,17863.82041,18461.60881,20246.36197,20695.43013,21436.82079,22142.70146,23070.48212,,,
Malta,,,,,,,,,,,,,,,,,,,,,,,,,,,,,,,154.225747,161.322377,174.855393,182.312312,186.082068,184.769634,188.197826,197.901307,197.583603,210.783334,217.088623,222.864333,229.793133,237.796621,241.87168,255.795075,263.748487,269.942694,192.277457,198.342906,215.217711,195.683196,197.240798,187.021143,200.391965,206.532172,217.805204,217.275305,220.812907,223.108009,228.28561,,,
Myanmar,,,,,,,,,,,,,,,,,,,,,,,,,,,,,,,40496.17698,39935.92963,42194.99477,44081.64992,45379.29006,46970.28021,46416.25367,45316.32963,46036.27558,49512.41904,50350.43,51335.2775,51849.405,53146.8225,55131.92,57784.2175,61090.71827,62474.30655,63308.72232,64166.9431,65148.68387,63472.71438,63285.79239,64070.4329,65076.10092,66530.74893,67622.76003,70796.17363,72161.29224,72567.83334,72110.01694,,,
Middle East & North Africa (excluding high income),,,,,,,,,,,,,,,,,,,,,,,,,,,,,,,345932.1905,342115.1768,350903.7131,373537.3893,391462.9206,404203.6437,413040.4739,422167.5167,434204.8495,443763.7398,460681.6426,453479.0505,450290.8608,470980.6662,482039.359,495616.9519,506903.0218,511417.6879,513510.7515,507649.9576,516820.5038,480690.9081,508531.8899,481427.9417,475080.5209,480158.8627,517802.632,547421.2838,556342.1381,537797.3274,491525.3867,,,
Montenegro,,,,,,,,,,,,,,,,,,,,,,,,,,,,,,,953.946751,933.33138,825.29266,823.953412,808.308707,839.814979,840.209195,835.006673,827.816511,790.601912,725.29741,703.22135,695.115065,691.029057,689.30113,698.081937,729.862588,758.549927,784.362266,817.599606,847.664445,814.191918,824.526892,813.486865,817.974339,825.949312,817.274874,812.785436,795.123498,784.06156,783.237121,,,
Mongolia,,,,,,,,,,,,,,,,,,,,,,,,,,,,,,,8675.9075,8965.045,8702.72,8575.39,8417.5975,9080.53,9639.445214,10186.40043,10473.78314,10923.65961,11103.71357,9493.307232,7702.433395,7751.607057,7410.02572,8229.336882,9162.276752,10486.07185,10668.50194,10999.81954,8927.099637,10248.70195,11502.32677,12449.01159,14290.5564,15747.48372,16750.62592,17646.64561,17591.6903,18794.3025,18159.40469,,,
Northern Mariana Islands,,,,,,,,,,,,,,,,,,,,,,,,,,,,,,,,,,,,,,,,,,,,,,,,,,,,,,,,,,,,,,,,
Mozambique,,,,,,,,,,,,,,,,,,,,,,,,,,,,,,,9228.5725,9614.933766,10030.00753,10456.7763,10860.32506,10952.40391,10917.79603,10295.90316,11618.45278,11265.69991,10856.44453,11615.14303,12693.22902,12856.27251,12924.2585,14246.21699,13726.1163,13570.21561,14246.85992,13012.27923,13896.53603,13922.80242,14947.59131,15667.74519,15855.46658,15361.22047,15038.51818,15473.8909,17072.12862,16573.88134,16255.45655,,,
Mauritania,,,,,,,,,,,,,,,,,,,,,,,,,,,,,,,3918.891333,4050.490566,3953.2648,4082.591533,3992.613267,4004.9675,4264.5,4482.6075,4681.425,4971.2025,5185.215,5244.594595,5303.21169,5412.678784,5341.833379,5422.340474,5638.471333,5617.099692,5225.533051,5616.263911,5956.95477,5990.631139,6132.060009,6253.823878,6441.980248,6509.769117,6526.484008,6650.928899,6692.526289,6891.17618,6896.748571,,,
Mauritius,,,,,,,,,,,,,,,,,,,,,,,,,,,,,,,901.741405,906.692411,917.633416,927.669422,936.857927,949.293933,1040.507646,1131.35136,1225.540073,1319.048787,1413.44,1537.6975,1464.2625,1510.735,1519.8425,1511.675,1592.17,1619.721474,1647.420449,1673.786923,1702.580897,1733.643404,1765.563411,1795.953419,1826.533426,1858.735933,1880.92191,1903.790388,1927.561365,1951.587343,1973.725821,,,
Malawi,,,,,,,,,,,,,,,,,,,,,,,,,,,,,,,1347.2075,1338.965,1332.15,1346.45,1255.2875,1277.144153,1320.978056,1308.849459,1443.175862,1438.864765,1532.991167,1531.060751,1584.187835,1673.074919,1647.809503,1732.814087,1772.086334,1913.986081,2092.250828,2158.288076,2381.357823,2487.38528,2647.597737,2765.832693,2899.55765,3095.885107,3273.237977,3376.755847,3758.911217,4240.084088,4389.696958,,,
Malaysia,,,,,,,,,,,,,,,,,,,,,,,,,,,,,,,19889.01722,20561.08729,20837.49236,21416.65243,22508.745,23302.70007,24290.39666,25348.41575,25432.51234,25467.63893,26237.91052,26580.92846,27452.21639,28534.30932,30010.79475,30841.52018,31162.45375,32225.64981,33256.84088,32956.71694,33243.69051,33298.5343,34092.62558,35807.86437,36770.51315,37665.70455,37742.18822,37498.5519,37943.07308,38069.20426,37175.59793,,,
North America,,,,,,,,,,,,,,,,,,,,,,,,,,,,,,,741582.2865,744913.5594,750536.5373,745060.7718,759457.3931,760540.8273,760415.7679,753079.9049,743078.4851,729955.0177,726794.8488,722465.419,717031.4375,717876.5137,719202.1195,720177.5877,723333.7362,728416.939,732820.6408,720553.502,739041.0258,745728.0939,758264.3927,764422.6668,792333.8498,795112.5746,779022.3566,800086.9983,847145.2575,887716.9792,848384.7884,,,
Namibia,,,,,,,,,,,,,,,,,,,,,,,,,,,,,,,4416.452657,4591.093027,4507.655898,4363.351269,4346.90914,4331.311954,4190.053254,4110.267054,4431.660854,4479.392154,4932.643454,4722.490827,4185.450701,4445.115575,4605.787948,4992.837822,5469.782585,5121.627348,4308.204612,5654.946875,5301.691638,7567.853912,8292.651185,4830.795958,4449.740731,4333.240504,4685.975838,4622.896171,4208.204004,3812.544338,5335.779671,,,
New Caledonia,,,,,,,,,,,,,,,,,,,,,,,,,,,,,,,,,,,,,,,,,,,,,,,,,,,,,,,,,,,,,,,,
Niger,,,,,,,,,,,,,,,,,,,,,,,,,,,,,,,8626.514588,8955.64455,9275.314512,9686.784474,10045.62444,10416.3344,10871.19042,11418.00144,11830.25247,12295.43099,12558.51951,13089.01637,13600.81572,14173.40258,14768.80944,15335.8988,15945.02091,16698.81302,17450.79014,18250.55725,18087.57186,18809.20136,19745.35085,20976.25535,21928.68235,22759.28684,23836.96966,24913.26747,26094.62279,27251.9331,28579.35341,,,
Nigeria,,,,,,,,,,,,,,,,,,,,,,,,,,,,,,,140698.2976,147689.7439,152953.0351,155143.8938,157860.7625,153698.8932,156702.7472,151533.5262,140158.5652,130276.7092,130181.9082,132592.1193,124198.1879,135178.944,139680.7976,141851.7187,139813.1225,137074.2413,134464.9176,131971.1914,143412.4052,145721.2479,146252.2331,143561.0133,144981.7686,144436.0788,145045.8089,148911.734,151730.1217,155074.7593,151059.7744,,,
Nicaragua,,,,,,,,,,,,,,,,,,,,,,,,,,,,,,,5490.705513,4499.221229,4946.279445,5496.16766,5545.430876,4907.986157,4810.025977,5246.410797,5166.458117,6032.402937,6273.822756,6314.302567,6430.889878,6738.094689,6532.5045,6830.88181,6918.390879,6935.404947,6989.279015,7058.813083,7214.859651,7809.616821,8080.288991,8469.20366,8837.71583,9154.737999,9195.390861,8992.978723,9282.566585,9391.751947,9584.807309,,,
Netherlands,,,,,,,,,,,,,,,,,,,,,,,,,,,,,,,29609.85486,29913.27133,29441.2972,28824.8548,28051.54137,27348.34617,26717.47663,25869.65552,25019.76315,24111.70027,23101.18764,22503.32837,21494.63022,20702.23394,20325.37518,18925.75183,18306.43071,18119.36025,18229.59142,18043.59423,17877.53382,17379.82122,17085.27237,17165.88989,17181.46006,17427.55105,17368.65181,16523.78363,15529.25795,15539.59728,15200.5766,,,
Norway,,,,,,,,,,,,,,,,,,,,,,,,,,,,,,,5607.602936,5648.11375,5701.569473,5699.540317,5796.102206,5834.312024,5899.266549,5883.506132,5734.520285,5579.961827,5580.762144,5495.978601,5429.635043,5439.34962,5375.246673,5247.509131,5185.4557,5048.991861,4991.484196,4991.439292,4961.4464,4861.9927,4822.439572,4704.257372,4617.556182,4639.201234,4622.128484,4605.561052,4498.428621,4369.86119,4342.761259,,,
Nepal,,,,,,,,,,,,,,,,,,,,,,,,,,,,,,,16310.74007,16276.7696,15951.05663,16522.10367,16772.7632,17569.39773,17834.75141,18025.15509,18232.25627,18477.55745,18731.66363,18834.0421,19112.84557,19405.26404,19718.10001,19978.22348,20261.24796,20364.70493,20995.39191,21450.80638,21600.08336,22026.21687,22202.56539,22458.19391,22630.04242,22486.34344,22567.51017,23165.1769,23255.23862,23553.20035,23643.67208,,,
Nauru,,,,,,,,,,,,,,,,,,,,,,,,,,,,,,,3.448874,3.550405,3.649437,3.748468,3.81,3.871532,3.906349,3.941167,3.975985,4.010803,4.045621,4.05765,4.06968,4.08171,4.09374,4.10577,4.113072,4.157874,4.202677,4.209979,4.217281,4.223336,4.229391,4.235447,4.241502,4.247558,4.252825,4.270592,4.275859,4.283626,4.291393,,,
New Zealand,,,,,,,,,,,,,,,,,,,,,,,,,,,,,,,32973.42867,32562.33643,32272.69936,32235.78977,33008.03521,33754.36056,33365.65387,33714.5906,32972.1145,33313.73033,32754.44514,33077.81077,33821.96034,33938.27504,33844.94364,33749.83903,33938.05154,33887.24122,33297.88316,33613.45692,33578.19957,33510.93673,33984.41218,33804.43657,34096.55682,33219.46724,33181.70713,32959.37397,32778.70832,32574.08016,32241.937,,,
OECD members,,,,,,,,,,,,,,,,,,,,,,,,,,,,,,,1798496.412,1796515.163,1792672.354,1789229.844,1803669.242,1802051.672,1798641.813,1792141.071,1776991.115,1768828.823,1772661.216,1767736.842,1749437.934,1705725.29,1716181.886,1692287.482,1709463.357,1708223.061,1688682.446,1669988.607,1678146.096,1721956.418,1727652.619,1680709.795,1723037.578,1722319.026,1690431.635,1732409.877,1779536.832,1807841.759,1751170.748,,,
Oman,,,,,,,,,,,,,,,,,,,,,,,,,,,,,,,7922.612522,8229.436267,8822.222511,9936.046256,10791.8225,11478.44874,11826.53077,12393.8503,12024.58232,12419.98185,13511.03137,14283.91898,13973.9741,14019.88421,13669.25932,13872.29193,13816.4174,13447.93036,13843.57333,14410.18879,15098.24676,15714.36758,16737.4734,17910.87422,17939.88755,18391.42087,19421.6518,19008.25524,20164.61618,20218.36962,19838.88305,,,
Other small states,,,,,,,,,,,,,,,,,,,,,,,,,,,,,,,42121.65209,43749.30861,45096.58008,45871.14126,47468.57945,49070.90515,51074.12101,54782.7065,56028.13452,56751.06049,58193.51912,61130.65895,61054.2548,62792.01853,66681.03869,69402.52201,72360.70644,73351.58377,79839.90276,78011.04852,88676.71688,95460.99093,92150.63352,88982.31118,88648.02059,88100.94006,87861.08497,88114.70869,86005.7599,85345.74362,87648.67484,,,
Pakistan,,,,,,,,,,,,,,,,,,,,,,,,,,,,,,,73526.04146,75338.64297,76635.46198,78583.44349,79754.9225,81732.30401,85450.15753,87282.38604,89592.74206,92556.57558,94228.5416,95692.50866,98297.29322,103105.7453,106407.9223,109696.0319,116570.7781,119970.8693,124166.4955,127325.4542,126521.1379,132640.7984,135367.7889,140732.2044,144605.83,147156.6555,150374.2807,154085.0885,158691.2012,163680.484,169428.2367,,,
Panama,,,,,,,,,,,,,,,,,,,,,,,,,,,,,,,4014.673694,4080.02027,4171.831847,4237.335923,4314.2425,4200.818333,4067.899167,3832.4325,3760.228333,3622.994167,3433.595,3756.357388,3818.122276,3844.647164,3857.119552,3986.68194,4064.845561,4074.049182,4256.485304,4361.208925,4443.450047,4642.652976,4718.033406,4793.581336,4732.659266,4696.417195,4792.513854,4824.390513,4956.814671,4972.85383,5047.340489,,,
Peru,,,,,,,,,,,,,,,,,,,,,,,,,,,,,,,17425.33866,17106.52313,17056.26761,17170.33459,18232.73656,19636.14005,20722.41204,21604.53903,23034.11352,24806.16051,25692.995,25823.955,26247.9375,26518.89,26399.89,27518.3475,27476.635,27864.4725,28462.35,29126.7325,29728.6225,30308.97374,30651.95749,30831.15873,31163.33747,31170.18122,31412.7653,31374.12439,31518.50847,31745.39506,31679.81165,,,
Philippines,,,,,,,,,,,,,,,,,,,,,,,,,,,,,,,45380.79522,46272.62391,44566.48011,45737.6713,48957.1725,50401.1762,52464.59645,52186.5892,46911.99195,54097.97221,54714.52496,55277.92965,56119.49935,56357.94904,57628.19624,57560.36593,58380.26541,59902.93989,61611.20437,62711.69135,61262.05083,62490.21102,63661.3262,64260.74139,64501.91408,63979.95426,63582.09027,65882.24379,66117.8598,65051.00831,65722.00682,,,
Palau,,,,,,,,,,,,,,,,,,,,,,,,,,,,,,,12.622286,12.904215,13.186143,13.468072,13.75,14.031928,14.380264,14.728599,15.076934,15.42527,15.773605,16.062351,16.351097,16.639843,16.928589,17.217335,17.363212,17.509089,17.654966,17.800843,17.94672,18.076384,18.206048,18.335712,18.465376,18.595039,18.781292,18.967544,19.153797,19.340049,19.526302,,,
Papua New Guinea,,,,,,,,,,,,,,,,,,,,,,,,,,,,,,,2872.001245,3860.310769,4885.010293,5909.217317,6935.211841,7958.176365,7725.73241,7620.055954,7355.181999,7162.428043,6952.501587,6826.72841,6737.772733,6561.542055,6454.938878,6128.8532,6198.653315,6134.47093,6145.571045,6173.598661,6200.261276,7086.066478,8005.30668,8884.041882,9841.054584,10794.86479,10689.54526,10743.57574,10867.80121,10831.25169,10854.74217,,,
Poland,,,,,,,,,,,,,,,,,,,,,,,,,,,,,,,45216.04774,43476.88846,41732.62334,41049.51674,39923.10035,38939.64262,38173.17918,37960.95161,36504.91177,35622.76067,34270.16313,33464.66107,33247.50948,33167.58774,32533.91082,32828.35676,33233.76165,32925.37199,32586.01528,32266.18301,32804.14255,31721.26952,31221.23661,30952.48647,30235.51144,29825.12512,29003.93462,29354.8708,30235.07448,29697.60317,29540.38185,,,
Pre-demographic dividend,,,,,,,,,,,,,,,,,,,,,,,,,,,,,,,465064.1648,460381.988,477437.0091,493405.4141,508246.0033,512733.1417,522996.5788,537282.746,557446.4807,560137.6734,570411.4985,570151.0926,575975.2466,604839.3507,628580.2909,651766.4135,648433.7539,667137.7517,681831.2096,682606.575,711059.3203,722222.8375,719110.6231,727757.8207,742361.5784,762787.1086,784413.0064,788130.3467,803776.7797,822642.6225,825217.0403,,,
Puerto Rico,,,,,,,,,,,,,,,,,,,,,,,,,,,,,,,,,,,,,,,,,,,,,,,,,,,,,,,,,,,,,,,,
"Korea, Dem. People's Rep.",,,,,,,,,,,,,,,,,,,,,,,,,,,,,,,26626.96247,25125.82228,23784.69209,22431.4544,21097.30421,19673.34653,18031.3547,16798.75288,15520.33356,14403.17674,13034.94242,13389.19546,13586.496,13732.30852,13848.03604,14019.79855,14600.19399,15096.22192,15647.69736,16149.51779,16706.44822,16872.77403,17105.81484,17149.88564,17274.35395,17208.97975,17339.12208,17940.3344,17953.20923,18085.49905,18145.48138,,,
Portugal,,,,,,,,,,,,,,,,,,,,,,,,,,,,,,,11084.63871,11190.42527,11291.58755,11265.96343,11683.05965,11897.35144,12034.9849,12231.2178,12492.11543,12582.4745,12601.78799,12403.8823,12654.50464,12954.7406,13096.53094,12715.70853,12549.17555,12426.87402,11985.85913,11816.21982,11628.37964,11920.76675,11681.90418,11477.79468,11456.31927,11489.68024,11434.62789,11569.87151,11389.79014,11437.36626,11383.20988,,,
Paraguay,,,,,,,,,,,,,,,,,,,,,,,,,,,,,,,17602.6,16748.22279,17201.02558,18385.27837,19313.70866,20454.02895,20109.72469,20316.46794,20485.01618,20685.94442,20354.14517,21450.9322,20797.44924,22271.19127,21122.25331,21909.36535,22076.53727,23283.9167,22830.34862,24413.38805,25494.30997,25987.63226,27193.34705,27684.33434,29059.15413,28794.96392,28716.88042,29384.25192,28325.19091,29160.61741,30106.5439,,,
West Bank and Gaza,,,,,,,,,,,,,,,,,,,,,,,,,,,,,,,,,,,,,,,,,,,,,,,,,,,,,,,,,,,,,,,,
Pacific island small states,,,,,,,,,,,,,,,,,,,,,,,,,,,,,,,1608.298827,1647.364226,1681.977125,1759.545024,1831.770422,1898.651673,1897.30964,1898.427606,1893.553073,1881.51604,1877.116506,1895.73712,1875.852737,1899.263352,1917.143966,1940.367861,1956.413221,2014.793578,2034.193939,2023.936797,2049.357159,2070.287414,2091.80267,2116.475428,1735.370687,1725.653444,1661.295546,1705.867648,1747.14725,1769.97185,1736.841454,,,
Post-demographic dividend,,,,,,,,,,,,,,,,,,,,,,,,,,,,,,,1659344.287,1653331.328,1636568.421,1618105.212,1627414.534,1620591.829,1611776.164,1595089.765,1572383.264,1565077.018,1564162.301,1557111.687,1537760.434,1490276.143,1497273.521,1467864.468,1479724.307,1475644.38,1452763.884,1432586.341,1437120.76,1478079.401,1484489.09,1445466.03,1476712.758,1472904.693,1437150.515,1477674.031,1517886.273,1540844.569,1482297.613,,,
French Polynesia,,,,,,,,,,,,,,,,,,,,,,,,,,,,,,,,,,,,,,,,,,,,,,,,,,,,,,,,,,,,,,,,
Qatar,,,,,,,,,,,,,,,,,,,,,,,,,,,,,,,3567.751816,4201.68106,4313.222804,5177.564548,5794.928792,5992.775537,6748.249547,9355.678558,9715.755068,10319.87158,11552.51809,11232.44939,11344.25568,12929.68698,14499.58328,14719.47707,15923.02104,17670.965,19961.93896,21027.13293,25065.91689,28367.27628,30353.64066,31227.85505,30285.09193,30232.76632,30740.20764,30710.23896,30823.21278,30718.7291,30708.39042,,,
Romania,,,,,,,,,,,,,,,,,,,,,,,,,,,,,,,29861.35631,26875.45094,24304.42379,22126.26806,21972.21035,21290.38945,21582.19625,21165.92832,20287.86726,19872.74193,19419.85548,18725.77585,18608.72484,19102.67241,19189.98868,19160.12367,19096.97238,19098.50838,19051.22655,18567.46576,18210.49011,16334.60979,16886.45107,17081.12017,17181.87176,17206.97107,17075.29252,17055.27782,16809.57813,16638.64093,16458.96123,,,
Russian Federation,,,,,,,,,,,,,,,,,,,,,,,,,,,,,,,644926.9103,617613.8591,580282.0785,557187.1548,533909.9275,512207.8689,498438.6041,474921.3632,472999.329,473860.6231,481202.2357,490449.1929,501231.1385,532832.3028,536977.431,550415.9949,547607.8078,554974.9396,553101.4655,539130.211,557087.6168,566098.3115,560078.871,562356.9998,562762.0917,568592.4227,583174.4667,595374.1099,617987.1756,620983.1588,617227.2995,,,
Rwanda,,,,,,,,,,,,,,,,,,,,,,,,,,,,,,,1401.294791,1412.69079,1366.756789,1317.875288,1221.883787,1430.914786,1556.863719,1824.222652,1777.376585,1925.318018,1615.004451,1700.110343,1745.186234,1873.751656,1929.612078,1871.4575,2027.663782,2127.345065,2246.168847,2306.57013,2443.668912,2334.748908,2334.918904,2361.8289,2356.551395,2610.178891,2487.772556,2503.78122,2584.637385,2646.873549,2680.924714,,,
South Asia,,,,,,,,,,,,,,,,,,,,,,,,,,,,,,,708705.5097,716928.9741,720484.4809,727890.2752,735196.0726,749895.9083,761574.9187,772091.4517,779963.5397,791806.0652,796055.9257,799085.9153,799009.9813,813932.4848,824446.4032,844178.5392,862367.4746,880133.24,898264.4654,903675.6432,914200.9611,928875.0663,931750.7165,942687.1841,951356.707,959910.5896,968002.5912,975664.078,990054.1846,996327.9088,1004819.473,,,
Saudi Arabia,,,,,,,,,,,,,,,,,,,,,,,,,,,,,,,62742.47,78421.25,81291.6775,77417.6975,73676.0675,74148.985,75121.6075,77140.22,77869.0175,75067.4625,79674.635,78268.60205,77163.9266,84795.89864,86161.85819,90467.53774,90246.66364,88149.33205,90751.89045,84281.14636,86848.26476,94802.89683,96900.9089,96953.35083,97861.09525,100910.6397,105652.7437,103780.2152,106592.3092,104821.5282,102630.5123,,,
Sudan,,,,,,,,,,,,,,,,,,,,,,,,,,,,,,,26711.64276,27591.81733,30121.24788,32360.48379,34384.63194,35225.40931,37005.75363,38603.87965,40964.9393,42763.54148,45616.9325,43838.98132,46013.37725,47169.66296,48822.6103,50571.29052,49780.23934,51926.08792,51494.8524,52290.65676,50862.25711,54066.24309,54226.18116,54535.18181,54697.07496,55247.71561,54677.38021,54578.33481,54951.35941,55211.20151,55887.39611,,,
Senegal,,,,,,,,,,,,,,,,,,,,,,,,,,,,,,,6440.501781,6611.458636,6760.065491,6947.064845,7105.1892,7214.693555,7668.523844,7659.456633,7584.856922,8049.717211,8501.58,8258.726493,7923.875486,7688.929479,8280.805972,8543.967465,8827.679778,8612.70709,8989.736903,9171.636715,9508.821528,9725.642907,9574.391787,9844.748166,9914.162046,10066.18842,10691.92543,10904.70244,10918.29194,11393.57645,11762.77345,,,
Singapore,,,,,,,,,,,,,,,,,,,,,,,,,,,,,,,1282.640188,1289.198229,1349.731269,1413.57681,1475.60235,1537.602891,1579.693335,1618.978779,1658.041723,1700.202167,1744.440111,1858.368765,1965.044919,2069.006073,2177.907228,2284.778382,2457.168889,2631.804396,2806.607403,2979.410411,3157.560918,3299.030534,3436.50515,3576.677266,3716.049383,3856.516499,3957.630869,4060.37274,4151.95461,4251.251481,4347.650851,,,
Solomon Islands,,,,,,,,,,,,,,,,,,,,,,,,,,,,,,,212.777643,219.664202,225.420762,231.189821,235.75388,241.21794,247.043242,252.613543,257.371345,265.076647,272.536949,276.710913,283.487377,290.991341,299.552805,307.429268,314.851436,322.273603,330.195771,337.130438,344.200106,350.811959,358.628811,366.450664,374.072517,381.32187,388.025605,394.979341,402.005577,408.969313,416.003048,,,
Sierra Leone,,,,,,,,,,,,,,,,,,,,,,,,,,,,,,,2114.478264,2088.750648,2089.998031,2160.550415,2113.345299,2022.185183,1866.598647,1880.84211,1830.845574,1693.446538,1645.085001,1869.664815,2120.897128,2371.814442,2642.456756,2856.361569,3353.684969,2847.440869,2788.676769,2983.050169,3031.871069,3264.707055,3695.015542,3635.354029,3838.950015,3664.898502,3880.049073,3851.047143,4451.825214,3550.175785,3591.093856,,,
El Salvador,,,,,,,,,,,,,,,,,,,,,,,,,,,,,,,3218.693839,3286.778218,3352.500097,3286.501976,3397.003855,3246.227564,3566.51609,3468.832117,3368.835643,3566.156669,3261.560196,3583.713571,3785.901946,3772.822822,3861.203697,3939.784573,4062.162067,4127.932062,4198.774556,4131.28955,3996.409545,3688.099401,3856.624258,3511.466614,3724.43897,3692.573826,3575.267162,3535.087998,3324.451334,3273.22967,3269.495506,,,
San Marino,,,,,,,,,,,,,,,,,,,,,,,,,,,,,,,,,,,,,,,,,,,,,,,,,,,,,,,,,,,,,,,,
Somalia,,,,,,,,,,,,,,,,,,,,,,,,,,,,,,,17071.16111,15168.12373,13872.76634,15132.67396,16332.39157,16769.28419,17144.58089,17480.9926,17539.07681,17741.62852,17919.83522,18272.72586,18510.04149,18653.98463,18850.43277,19129.0009,18294.88615,17596.1764,17611.34415,17626.8594,17737.74465,17869.92326,18086.12188,18156.47299,18279.35161,18351.38772,18397.04615,18308.16708,18312.43551,18645.44144,18752.05737,,,
Serbia,,,,,,,,,,,,,,,,,,,,,,,,,,,,,,,15135.03847,14851.46578,13723.20052,13761.2151,13617.04013,13931.73919,14041.35099,14041.45202,14043.54069,13437.2858,12582.03831,12204.08594,12001.02379,11836.36886,11703.69835,11088.05161,11160.43228,11280.13627,11140.54775,10972.30674,10847.62572,10935.84275,11052.53727,11111.9768,11385.43383,11517.64336,11449.07026,11475.15217,11440.86158,11537.69348,11734.80539,,,
Sub-Saharan Africa (excluding high income),,,,,,,,,,,,,,,,,,,,,,,,,,,,,,,561068.9408,581477.7617,597550.2845,605849.7146,621039.6623,627239.8861,641383.9407,649282.1803,662387.2873,656844.1399,662975.4675,665023.9717,679409.0548,713828.1448,730143.7682,759219.8295,756830.4305,779877.4091,797320.6656,794786.4653,829510.7794,840375.4957,827736.6654,832441.2647,843590.7916,858081.0534,872801.3354,880535.3574,893893.347,915680.629,932356.826,,,
South Sudan,,,,,,,,,,,,,,,,,,,,,,,,,,,,,,,14879.67823,15356.20202,16744.07732,17958.93477,18983.61997,19434.07596,21967.56584,24410.38402,27261.69609,29681.03311,32632.4888,32806.60489,35384.82887,37582.91057,39568.76314,41921.65284,42446.37326,44747.62893,45977.5037,47635.7461,48081.18,44539.20839,28106.49301,28470.012,29533.97599,29757.79749,30243.16407,29480.72815,32177.18723,29005.56131,32385.92039,,,
Sub-Saharan Africa,,,,,,,,,,,,,,,,,,,,,,,,,,,,,,,561125.4465,581535.4898,597608.9624,605909.4222,621100.3648,627301.5085,641447.6628,649348.2347,662455.534,656914.6089,663047.9213,665097.1326,679483.6678,713903.9524,730220.5928,759297.7362,756909.3857,779957.7803,797402.0378,794868.8685,829594.396,840460.1512,827822.4347,832528.2829,843678.9836,858170.3818,872891.7353,880626.8189,893985.8951,915774.2337,932451.5222,,,
Small states,,,,,,,,,,,,,,,,,,,,,,,,,,,,,,,64619.47789,66742.95927,68349.0131,67618.87664,68063.80718,68604.60051,69827.67566,72254.87543,72394.37002,72564.41005,73191.97905,76578.15346,76896.1514,80189.30972,84295.66196,87584.66222,91485.30201,92729.10388,99457.19741,97872.8527,108853.909,115672.5967,112364.9855,109449.6268,108760.7624,107763.3505,106311.0354,106799.1642,104761.3829,104313.1391,105956.1403,,,
Sao Tome and Principe,,,,,,,,,,,,,,,,,,,,,,,,,,,,,,,7.725011,7.919648,8.126786,8.198924,8.361061,8.518199,8.691956,8.833214,8.911971,9.065728,9.311986,9.549589,9.944691,10.307294,9.777397,9.5825,9.243651,9.369802,9.243453,9.412104,9.230755,9.19072,9.485686,9.875651,10.155616,10.218081,10.604694,11.008807,11.070421,11.182034,11.596147,,,
Suriname,,,,,,,,,,,,,,,,,,,,,,,,,,,,,,,760.090041,846.381299,942.355058,901.378816,942.165074,985.338832,1006.702867,976.206901,999.530936,1028.60497,1012.351505,1049.623911,910.526317,988.826223,979.401129,935.116035,995.588699,1031.323863,1107.794026,1255.63669,1302.634353,1337.154492,1318.447131,1350.31227,1383.562409,1373.087548,1397.453361,1383.014175,1360.082489,1406.073303,1415.671617,,,
Slovak Republic,,,,,,,,,,,,,,,,,,,,,,,,,,,,,,,7574.568327,7368.872818,6958.359232,6477.541092,6076.828755,5905.533617,5956.943995,5813.235381,5738.057693,5525.419663,5208.970446,5076.660603,5100.863332,5000.872828,4987.360786,4809.815604,4627.237676,4527.356788,4674.368227,4427.19239,4532.445957,4653.714812,4151.252948,4321.350481,4079.633305,4190.500662,4265.616869,4255.188746,4254.813122,4411.837499,4410.301876,,,
Slovenia,,,,,,,,,,,,,,,,,,,,,,,,,,,,,,,2427.95248,2390.877076,2113.841485,2142.062361,2116.299981,2125.21664,2158.308674,2123.695643,2102.116295,2022.424537,2146.880705,2246.199829,2179.933272,2214.390374,2148.225048,2155.08936,2088.447979,2071.928011,2031.667807,1921.713859,1918.360101,1896.71652,1847.885631,1808.60039,1732.723455,1768.149506,1801.17707,1785.124978,1729.650385,1717.443293,1697.1412,,,
Sweden,,,,,,,,,,,,,,,,,,,,,,,,,,,,,,,8544.312771,8487.089627,8623.039917,8568.733237,8445.181785,8318.625386,8314.708152,8258.686843,8078.230859,7820.372272,7657.770404,7498.756322,7272.840631,7078.077511,7085.527694,6803.418916,6654.370337,6384.705471,6091.43403,5931.566863,5862.947447,5832.231053,5696.497278,5528.067934,5385.611283,5202.404332,5146.670912,5115.180324,4969.499736,4853.871648,4792.09356,,,
Eswatini,,,,,,,,,,,,,,,,,,,,,,,,,,,,,,,1262.491185,1290.900264,1314.539343,1195.935921,1226.05,1246.274079,1258.322377,1257.673175,1248.056473,1227.834771,1219.210569,1152.200204,1177.88734,1227.246976,1229.086612,1243.513747,1204.814514,1246.32778,1246.476046,1242.181812,1271.550078,1271.461291,1284.370004,1298.461217,1304.192431,1299.361144,1297.475221,1291.919298,1307.300874,1338.517451,1326.034028,,,
Sint Maarten (Dutch part),,,,,,,,,,,,,,,,,,,,,,,,,,,,,,,,,,,,,,,,,,,,,,,,,,,,,,,,,,,,,,,,
Seychelles,,,,,,,,,,,,,,,,,,,,,,,,,,,,,,,56.505737,57.728054,58.677871,59.707688,60.702505,61.622322,63.722117,66.054412,68.246707,70.469002,72.453797,73.160885,74.612972,75.807559,76.824646,77.906733,78.955206,80.371178,81.372151,82.403123,83.616596,84.655457,85.769318,87.01818,88.192041,89.328402,90.399958,91.461513,92.548069,93.604624,94.696179,,,
Syrian Arab Republic,,,,,,,,,,,,,,,,,,,,,,,,,,,,,,,34993.46117,41289.1871,46893.98553,49885.46396,51336.22738,53219.75331,51962.05591,51504.52351,51904.17861,52145.91871,51379.7988,51123.28413,53053.44695,51904.12978,42335.29261,40768.44043,39275.67552,38481.32811,37632.77071,37921.9008,37604.51839,35465.97845,23692.14351,16098.14107,14302.63613,13970.4187,13750.35999,14906.04378,13682.83508,15039.56887,15963.67267,,,
Turks and Caicos Islands,,,,,,,,,,,,,,,,,,,,,,,,,,,,,,,,,,,,,,,,,,,,,,,,,,,,,,,,,,,,,,,,
Chad,,,,,,,,,,,,,,,,,,,,,,,,,,,,,,,8524.781016,12786.8064,13349.00678,13893.98466,14543.62254,15218.07292,17034.0744,17551.30337,18138.33235,19333.33883,20912.8103,21188.2636,24250.24689,27116.01769,29804.14598,32809.53928,33223.09264,34198.1185,34819.93686,35276.58022,36576.52608,38285.27903,40065.55949,41724.48995,43444.6604,46475.45086,49232.28778,51084.46471,53915.82413,56111.13106,59438.92298,,,
East Asia & Pacific (IDA & IBRD countries),,,,,,,,,,,,,,,,,,,,,,,,,,,,,,,1278713.418,1301626.543,1321928.183,1341449.81,1376107.29,1433312.214,1455680.953,1420199.943,1424648.197,1442544.193,1450803.096,1440098.692,1431228.197,1459985.768,1513979.531,1558468.325,1609663.664,1644201.266,1663313.312,1700921.757,1754164.886,1809865.247,1813176.309,1842074.84,1860201.304,1853650.801,1817082.899,1838806.001,1879769.324,1896286.745,1912193.353,,,
Europe & Central Asia (IDA & IBRD countries),,,,,,,,,,,,,,,,,,,,,,,,,,,,,,,1161257.717,1120548.037,1017602.497,989231.8957,925853.2865,894737.2152,874837.8225,829922.5333,818485.1026,829304.7987,857902.1327,864740.9257,890950.7474,933976.7128,946759.866,964019.7748,966771.9666,985454.4228,995789.4481,942644.5528,974195.2829,1005976.309,1007087.027,1021278.387,1020308.878,1022623.486,1033373.263,1052977.058,1087848.153,1105747.544,1079987.951,,,
Togo,,,,,,,,,,,,,,,,,,,,,,,,,,,,,,,1496.669044,1424.435192,1350.27884,1341.769988,1347.033636,1287.512284,1382.654676,1575.867068,1787.726959,1706.349351,1814.649243,1727.634241,1876.30174,1938.676739,1845.009237,2295.989236,2109.454384,1991.207032,2119.52218,2222.489828,2205.619976,2464.28201,2418.224045,2575.30858,2532.160614,2746.822649,2632.138502,2680.261855,2715.740208,2808.90606,3039.881913,,,
Thailand,,,,,,,,,,,,,,,,,,,,,,,,,,,,,,,55421.19545,57870.94784,58875.68272,58846.25261,59340.2425,59660.50833,60981.43917,64549.3575,63252.14333,66074.32917,67522.795,68789.79311,67979.38873,71317.04684,71737.80245,74007.65806,74627.67821,78250.58836,79389.5285,80881.03615,85193.4938,83976.03329,85293.02778,84192.59727,79729.91676,75223.19375,79080.05501,78245.26127,77821.29754,74809.1613,75892.78006,,,
Tajikistan,,,,,,,,,,,,,,,,,,,,,,,,,,,,,,,4986.832479,4887.104093,4376.845,4104.48,3628.07,3378.705,3123.1175,3078.455,2900.4325,2785.61,2799.545,2863.7575,2883.01,3028.235,3115.3775,3307.4425,3466.67,3591.16,4042.56,4276.81,4327.739377,4483.400593,4737.49931,4910.983027,5021.189244,5234.96796,5437.520157,5524.097353,5557.827049,5640.656746,5520.881442,,,
Turkmenistan,,,,,,,,,,,,,,,,,,,,,,,,,,,,,,,105731.7627,104344.2544,70189.22407,81066.70951,53409.53246,53735.13407,54079.68354,38912.56302,39525.55249,52209.14947,76313.19894,78000.53049,83353.55204,94074.5336,99006.52015,102104.6448,100383.9995,107324.8592,113369.4464,77580.52864,86337.70836,111517.9195,118005.8332,129739.1119,128870.008,132777.6317,127765.0098,126619.0278,130055.4734,146450.6815,124818.6445,,,
Latin America & the Caribbean (IDA & IBRD countries),,,,,,,,,,,,,,,,,,,,,,,,,,,,,,,880267.5342,907472.3551,921242.3885,936689.9168,955302.0452,983232.3264,996451.8165,1022760.537,1028738.89,1020807.869,1041217.394,1063324.312,1070992.707,1094388.166,1139575.301,1164494.021,1167367.692,1171721.155,1182051.873,1170172.878,1183203.714,1187228.877,1206125.909,1204032.255,1218399.24,1222941.315,1212989.126,1189900.531,1156116.957,1142396.694,1115840.688,,,
Timor-Leste,,,,,,,,,,,,,,,,,,,,,,,,,,,,,,,329.271672,389.584367,382.344562,402.589757,453.199951,470.502646,491.504117,482.063089,503.359561,420.186032,479.805004,1507.41719,2377.726876,3258.329062,4016.576248,4980.913434,5326.531651,5623.982367,5975.853084,6266.308801,6571.319517,6448.266188,6367.67036,6184.659531,6066.191202,5989.192873,5734.657257,5516.386641,5278.058524,5123.325408,4794.894791,,,
Middle East & North Africa (IDA & IBRD countries),,,,,,,,,,,,,,,,,,,,,,,,,,,,,,,345932.1905,342115.1768,350903.7131,373537.3893,391462.9206,404203.6437,413040.4739,422167.5167,434204.8495,443763.7398,460681.6426,453479.0505,450290.8608,470980.6662,482039.359,495616.9519,506903.0218,511417.6879,513510.7515,507649.9576,516820.5038,480690.9081,508531.8899,481427.9417,475080.5209,480158.8627,517802.632,547421.2838,556342.1381,537797.3274,491525.3867,,,
Tonga,,,,,,,,,,,,,,,,,,,,,,,,,,,,,,,122.370385,122.618414,125.056442,124.799471,123.4325,113.5175,107.745,101.4925,95.3675,90.495,85.99,86.099905,86.287309,86.472214,86.657118,86.842023,87.046773,87.481522,87.686272,87.891022,88.168272,88.272589,89.196905,89.668722,90.225539,90.772356,91.321023,91.422189,91.743356,92.062022,92.338189,,,
South Asia (IDA & IBRD),,,,,,,,,,,,,,,,,,,,,,,,,,,,,,,708705.5097,716928.9741,720484.4809,727890.2752,735196.0726,749895.9083,761574.9187,772091.4517,779963.5397,791806.0652,796055.9257,799085.9153,799009.9813,813932.4848,824446.4032,844178.5392,862367.4746,880133.24,898264.4654,903675.6432,914200.9611,928875.0663,931750.7165,942687.1841,951356.707,959910.5896,968002.5912,975664.078,990054.1846,996327.9088,1004819.473,,,
Sub-Saharan Africa (IDA & IBRD countries),,,,,,,,,,,,,,,,,,,,,,,,,,,,,,,561125.4465,581535.4898,597608.9624,605909.4222,621100.3648,627301.5085,641447.6628,649348.2347,662455.534,656914.6089,663047.9213,665097.1326,679483.6678,713903.9524,730220.5928,759297.7362,756909.3857,779957.7803,797402.0378,794868.8685,829594.396,840460.1512,827822.4347,832528.2829,843678.9836,858170.3818,872891.7353,880626.8189,893985.8951,915774.2337,932451.5222,,,
Trinidad and Tobago,,,,,,,,,,,,,,,,,,,,,,,,,,,,,,,7189.3425,7172.845,6966.237501,5120.467501,3698.002501,3465.682501,3830.743618,3690.034734,3775.85085,4216.826967,4776.838083,5070.497762,5701.737441,6892.22712,7238.5968,7898.776479,8938.806125,9022.315772,9004.460419,9008.897565,9136.182212,9005.330283,8982.855854,8989.931424,8880.976995,8383.392566,7467.771628,7481.63819,7551.297251,7573.846313,6667.330375,,,
Tunisia,,,,,,,,,,,,,,,,,,,,,,,,,,,,,,,5065.804833,5305.034875,5549.812417,5365.057458,5082.98,5187.568333,5569.684167,5609.8625,5961.818333,6248.486667,6398.22,6386.263842,6456.932684,6321.131526,6497.205368,6604.464209,6769.784342,7277.796975,7214.697108,7272.224741,7402.244874,7377.616848,7465.833821,7382.440794,7351.130267,7105.68474,6896.270169,6731.373098,6788.053527,6705.826456,6653.819385,,,
Turkiye,,,,,,,,,,,,,,,,,,,,,,,,,,,,,,,38200.88184,37034.27798,37727.94268,37573.46816,37024.3728,36963.08437,36892.53588,37646.11691,37210.70702,38153.65617,38774.19113,37970.54803,37338.36179,37016.67475,37082.97587,38448.28929,39798.30759,42266.96554,42834.66222,42409.50599,42380.28615,43992.93618,45458.25065,44417.68022,46620.0229,42513.29835,44562.39088,44972.72289,48223.15241,49343.09693,50444.76645,,,
Tuvalu,,,,,,,,,,,,,,,,,,,,,,,,,,,,,,,9.494541,10.127915,10.183788,10.049662,10.145536,10.163909,10.177551,10.263693,10.274835,10.363477,10.374619,10.447991,10.636364,10.709736,10.783108,10.85648,10.899698,10.982916,11.071134,11.154352,11.207571,11.243107,11.281144,11.319181,11.372218,11.425255,11.450103,11.48495,11.509797,11.542144,11.574492,,,
Tanzania,,,,,,,,,,,,,,,,,,,,,,,,,,,,,,,21782.6775,21931.075,21921.2825,22369.35,22999.035,25171.63005,24024.94437,23851.4862,26208.25053,26971.88485,25861.67918,26568.32967,28967.01766,31417.23564,30769.61863,32473.14662,31287.63457,32356.65751,34077.31545,34376.8559,36375.96634,37995.30166,38507.41198,40321.1698,41146.89511,43014.03793,42896.12326,42080.59858,42422.72141,43778.73923,46487.36706,,,
Uganda,,,,,,,,,,,,,,,,,,,,,,,,,,,,,,,7415.182638,7688.522603,7841.200069,8050.240034,7884.375,8159.315,8524.2825,9031.0325,9652.58,9507.655,9733.4575,9925.057505,10295.49751,11202.41251,11227.24252,12061.23252,11296.21674,12441.70346,16312.40268,16359.2544,17172.19612,17216.49732,18030.85602,18117.34972,18554.11842,19233.38463,19092.68203,19466.72944,19897.22684,20336.86425,21178.67916,,,
Ukraine,,,,,,,,,,,,,,,,,,,,,,,,,,,,,,,91901.12248,88886.59667,80985.895,77363.4175,73894.125,69635.295,65661.4925,60065.31,53789.7725,52042.555,49707.8625,47198.0225,47468.8025,47172.92,44736.2825,43336.8425,41818.2825,41547.1625,39724.73,36931.6025,38013.6525,36941.32,36555.14,37051.32729,35614.52457,33799.24936,33576.27249,33433.96311,33649.68624,33097.25686,32317.87499,,,
Upper middle income,,,,,,,,,,,,,,,,,,,,,,,,,,,,,,,2871269.116,2848068.438,2787654.85,2798829.809,2793384.147,2830449.991,2826830.877,2768539.116,2790769.34,2815075.632,2867268.178,2879267.485,2913321.538,3010784.143,3108329.266,3181354.836,3233417.951,3288141.727,3325092.791,3304352.054,3417802.537,3477874.366,3525430.142,3538703.167,3563048.849,3574605.775,3559061.571,3614619.591,3687315.093,3745108.123,3706695.665,,,
Uruguay,,,,,,,,,,,,,,,,,,,,,,,,,,,,,,,18111.3975,18947.0725,19911.5675,20590.04,20773.005,20661.675,20949.62,20691.805,20243.23,20435.855,20075.9875,20062.8675,20791.48,21304.305,21878.0675,22037.1439,22787.77304,22312.25717,22815.45131,22408.43294,21365.22207,21618.71225,21060.25992,21191.2876,21521.68277,21528.70294,21647.69372,21328.6495,20918.90778,20757.06355,20393.59933,,,
United States,,,,,,,,,,,,,,,,,,,,,,,,,,,,,,,672858.2748,674904.591,678006.8077,670921.0566,683588.0636,681621.5366,679461.396,670913.8476,658402.6484,645891.4904,641918.4319,636380.034,629289.8626,629533.4808,628208.1534,628705.6845,629839.6581,635897.8313,644011.7501,634800.939,652865.7235,658406.021,670527.6668,673728.7085,699258.6755,701609.3867,683241.848,699987.0767,743778.7354,784496.7542,748241.4029,,,
Uzbekistan,,,,,,,,,,,,,,,,,,,,,,,,,,,,,,,39414.91162,40388.07683,35866.6275,37835.7825,41718.945,42453.8,42831.4,43392.95,44819.2825,45131.205,44699.545,45411.45,47368.715,47504.5725,48548.49,46489.785,48696.46943,48073.35887,50334.3308,48910.47524,49641.14217,49556.08136,49340.52056,48602.27475,47189.81644,47368.31314,49494.70363,50196.21162,54246.98961,54437.5601,53601.94309,,,
St. Vincent and the Grenadines,,,,,,,,,,,,,,,,,,,,,,,,,,,,,,,65.464477,65.278604,66.015231,66.774358,67.438485,67.542612,67.560348,67.588083,67.881797,68.125511,68.079224,68.034176,67.846627,67.279079,67.51653,67.796482,68.030658,68.469833,68.671509,69.115685,69.097361,69.185083,68.652805,67.480527,67.025749,66.890971,66.703012,67.385053,67.412094,67.506634,67.776175,,,
"Venezuela, RB",,,,,,,,,,,,,,,,,,,,,,,,,,,,,,,172411.8151,188658.975,189145.9449,192868.2247,198703.2746,217889.037,238373.2515,252220.436,249964.0355,233150.525,242598.5695,244387.549,222537.5986,210416.0256,231433.1001,243045.5947,240718.7678,239770.1485,246008.0091,232541.6847,224439.2129,226086.8341,238999.5303,241853.9566,238110.9428,230670.689,215172.7747,189629.0754,157687.591,127823.4067,97594.23488,,,
British Virgin Islands,,,,,,,,,,,,,,,,,,,,,,,,,,,,,,,,,,,,,,,,,,,,,,,,,,,,,,,,,,,,,,,,
Virgin Islands (U.S.),,,,,,,,,,,,,,,,,,,,,,,,,,,,,,,,,,,,,,,,,,,,,,,,,,,,,,,,,,,,,,,,
Viet Nam,,,,,,,,,,,,,,,,,,,,,,,,,,,,,,,43289.80907,45330.56243,46972.85079,48266.82414,48556.365,51503.28833,54389.52417,56549.84,59908.08833,63358.43917,65103.49,65594.07,67269.5275,69288.455,73348.645,75803.315,78096.595,79113.2875,79640.8825,81655.1125,82330.5625,83109.43613,83616.34476,84542.56589,84502.59218,83621.26097,82496.36189,81974.8253,81798.86371,80654.40212,79619.23803,,,
Vanuatu,,,,,,,,,,,,,,,,,,,,,,,,,,,,,,,316.888937,327.720839,344.487742,364.522145,370.264047,372.32595,374.918622,377.141295,379.743968,382.89914,369.136813,356.227356,358.595399,372.885941,379.618984,388.627027,396.534085,450.041143,457.463201,436.415259,448.017318,459.602378,466.359938,471.699998,479.450058,444.880118,386.226101,399.152084,398.748067,379.68405,374.327533,,,
World,,,,,,,,,,,,,,,,,,,,,,,,,,,,,,,6769672.836,6805605.647,6765741.066,6791619.132,6829106.03,6913738.291,6956504.035,6923737.515,6930825.804,6953508.413,7052596.557,7063278.644,7073769.533,7204894.13,7370395.104,7496968.503,7600379.132,7695744.362,7758972.418,7692661.976,7859106.429,8003436.327,8078148.405,8072529.283,8145185.02,8175655.012,8175602.069,8275067.714,8396188.995,8447770.963,8317919.864,,,
Samoa,,,,,,,,,,,,,,,,,,,,,,,,,,,,,,,207.249362,207.734769,204.977677,208.490584,239.920991,237.256398,237.988371,238.717843,241.164816,242.244288,244.29126,256.416298,257.141336,259.441374,261.741412,262.45895,263.192535,257.29612,255.584706,261.145791,273.086877,280.085918,284.62246,288.006502,289.308044,300.169586,284.865456,277.168826,282.874695,246.008065,267.323935,,,
Kosovo,,,,,,,,,,,,,,,,,,,,,,,,,,,,,,,,,,,,,,,,,,,,,,,,,,,,,,,,,,,,,,,,
"Yemen, Rep.",,,,,,,,,,,,,,,,,,,,,,,,,,,,,,,7970.278882,7954.404106,7849.266829,9553.869553,13049.62978,12960.85,13316.8975,14046.7775,14389.6275,15408.095,17148.6125,17228.90834,17283.72917,18060.50001,17541.25334,18408.17668,18917.1484,18265.07011,17173.30933,17539.69355,18992.30526,17518.1235,15843.38424,17220.65998,16267.61071,10697.56895,8895.503414,9692.230375,10151.33234,10773.8968,10542.15376,,,
South Africa,,,,,,,,,,,,,,,,,,,,,,,,,,,,,,,59433.235,60391.1425,60116.25,61811.72,62618.1375,62941.19359,62516.21967,63537.54076,63218.38435,61950.19543,60592.55902,58634.36511,61346.11772,63556.59511,64811.52728,66518.03739,66567.16554,68624.01315,70424.31359,70828.52228,71523.65533,71549.00986,73346.39689,73273.89392,74095.34345,73429.61048,72997.20441,74315.52584,73611.38228,73420.57871,72213.21514,,,
Zambia,,,,,,,,,,,,,,,,,,,,,,,,,,,,,,,11986.85945,12141.02663,12224.22381,12132.66598,12015.19566,11930.97628,11248.8808,11496.11782,12476.68734,11930.51435,11542.67887,11825.12725,12798.78812,13838.6665,13837.64737,14455.15575,13431.83699,13714.61324,13823.81948,13325.84322,14410.42696,13866.72827,15462.65709,15732.5084,15594.00222,15821.29853,15598.34229,14998.32105,15218.42231,15729.51107,15448.75233,,,
Zimbabwe,,,,,,,,,,,,,,,,,,,,,,,,,,,,,,,9561.341786,8668.190715,9273.854643,7745.341072,8413.5125,8812.314167,10336.14583,10449.155,11142.04917,11670.60833,11647.725,11830.91599,11099.30948,10962.84797,11183.50146,11195.62495,10953.28025,11227.98555,11371.52836,11824.89616,12269.56646,12642.00261,12464.87376,12338.88492,11373.37107,12260.20472,11859.18238,12044.02004,12300.2152,12457.22536,12060.82302,,,
